{
  "benchmark": {
    "full": {
      "eig_nmse": 0.5048941373825073,
      "proj_mse": 0.02613300085067749,
      "drift_mse": 0.14148832857608795,
      "gap_rmse": 1.208592176437378,
      "lat_align": 0.01901894435286522,
      "gate_cal": 0.4044700562953949,
      "gate_mean": 0.5955299139022827,
      "event_rate": 1.0,
      "regime_acc": 0.0
    },
    "no_memory": {
      "eig_nmse": 0.505709171295166,
      "proj_mse": 0.02584514208137989,
      "drift_mse": 0.14069637656211853,
      "gap_rmse": 1.2087409496307373,
      "lat_align": 0.015763498842716217,
      "gate_cal": 0.40405285358428955,
      "gate_mean": 0.5959471464157104,
      "event_rate": 1.0,
      "regime_acc": 0.0
    },
    "no_gate": {
      "eig_nmse": 0.5043633580207825,
      "proj_mse": 0.026336461305618286,
      "drift_mse": 0.142022043466568,
      "gap_rmse": 1.2084933519363403,
      "lat_align": 0.021927567198872566,
      "gate_cal": 6.198883056640625e-06,
      "gate_mean": 0.9999938011169434,
      "event_rate": 1.0,
      "regime_acc": 0.0
    },
    "baseline": {
      "eig_nmse": 0.34448450803756714,
      "proj_mse": 0.026177307590842247,
      "drift_mse": 0.946273684501648,
      "gap_rmse": 1.0349968671798706,
      "gate_cal": 0.4044700562953949,
      "regime_acc": 0.0
    }
  }
}