{
  "ablations": {
    "gate_off": {
      "cov_mse": 0.06425389647483826,
      "drift_mse": 0.023354792967438698,
      "eig_nmse": 0.6063927412033081,
      "entropy_mse": 0.021019071340560913,
      "event_rate": 0.75,
      "gap_rmse": 0.9778680205345154,
      "gate_cal": 0.75,
      "gate_mean": 0.0,
      "lat_align": 0.006690054666250944,
      "proj_mse": 0.09794633090496063,
      "rank_mse": 1.0129759311676025,
      "rare_cov_mse": 0.061786845326423645,
      "rare_drift_mse": 0.030091701075434685,
      "rare_eig_nmse": 0.6301944255828857,
      "regime_acc": 0.0,
      "regime_bal_acc": 0.0,
      "risk_mse": 0.5554260015487671,
      "tail_f1": 0.0
    },
    "memory_half": {
      "cov_mse": 0.06430936604738235,
      "drift_mse": 0.023280881345272064,
      "eig_nmse": 0.6063523888587952,
      "entropy_mse": 0.021003935486078262,
      "event_rate": 0.75,
      "gap_rmse": 0.9779118895530701,
      "gate_cal": 0.5056734681129456,
      "gate_mean": 0.4939301609992981,
      "lat_align": 0.006705212872475386,
      "proj_mse": 0.09794384986162186,
      "rank_mse": 1.0131089687347412,
      "rare_cov_mse": 0.061550360172986984,
      "rare_drift_mse": 0.030033372342586517,
      "rare_eig_nmse": 0.6304250955581665,
      "regime_acc": 0.0,
      "regime_bal_acc": 0.0,
      "risk_mse": 0.5554823279380798,
      "tail_f1": 0.8571428571428571
    },
    "memory_off": {
      "cov_mse": 0.06404786556959152,
      "drift_mse": 0.023278754204511642,
      "eig_nmse": 0.6066627502441406,
      "entropy_mse": 0.021032053977251053,
      "event_rate": 0.75,
      "gap_rmse": 0.9779869914054871,
      "gate_cal": 0.5043935775756836,
      "gate_mean": 0.4910006821155548,
      "lat_align": 0.006508110091090202,
      "proj_mse": 0.09785501658916473,
      "rank_mse": 1.0132453441619873,
      "rare_cov_mse": 0.061483100056648254,
      "rare_drift_mse": 0.029991507530212402,
      "rare_eig_nmse": 0.6306793093681335,
      "regime_acc": 0.0,
      "regime_bal_acc": 0.0,
      "risk_mse": 0.5553506016731262,
      "tail_f1": 0.8571428571428571
    }
  },
  "benchmark": {
    "persistence": {
      "cov_mse": 0.07774820923805237,
      "drift_mse": 0.515931248664856,
      "eig_nmse": 0.22185246646404266,
      "entropy_mse": 0.16074015200138092,
      "event_rate": 0.75,
      "gap_rmse": 0.41346731781959534,
      "gate_cal": 0.4923505187034607,
      "gate_mean": 0.4999992251396179,
      "proj_mse": 0.07216070592403412,
      "rank_mse": 0.6683170199394226,
      "regime_acc": 1.0,
      "regime_bal_acc": 1.0,
      "risk_mse": 0.04370139539241791,
      "tail_f1": 0.8571428571428571
    },
    "trend": {
      "cov_mse": 0.06464865058660507,
      "drift_mse": 0.03946675360202789,
      "eig_nmse": 0.8902810215950012,
      "entropy_mse": 0.3135346472263336,
      "event_rate": 0.75,
      "gap_rmse": 0.917693555355072,
      "gate_cal": 0.4923505187034607,
      "gate_mean": 0.4999992251396179,
      "proj_mse": 0.08979304879903793,
      "rank_mse": 0.8946435451507568,
      "regime_acc": 0.25,
      "regime_bal_acc": 0.25,
      "risk_mse": 0.00013643827696796507,
      "tail_f1": 0.8571428571428571
    }
  },
  "event_threshold": 0.4195544719696045,
  "history": [
    {
      "epoch": 1,
      "train_loss": 13.595243453979492,
      "val_cov_mse": 0.030173830687999725,
      "val_drift_mse": 0.019230158999562263,
      "val_eig_nmse": 1.1704955101013184,
      "val_gate_cal": 0.48820817470550537,
      "val_proj_mse": 0.0708092451095581,
      "val_regime_acc": 0.0,
      "val_tail_f1": 0.0
    }
  ],
  "memory": {
    "mean_salience": 0.0,
    "size": 0.0
  },
  "robustness": {
    "memory": [
      {
        "cov_mse": 0.0642884373664856,
        "drift_mse": 0.023270435631275177,
        "eig_nmse": 0.6064795851707458,
        "entropy_mse": 0.02101098746061325,
        "event_rate": 0.75,
        "gap_rmse": 0.978069543838501,
        "gate_cal": 0.5096562504768372,
        "gate_mean": 0.49059855937957764,
        "lat_align": 0.0066372728906571865,
        "memory_scale": 1.0,
        "proj_mse": 0.09776961803436279,
        "rank_mse": 1.0136265754699707,
        "rare_cov_mse": 0.06150920316576958,
        "rare_drift_mse": 0.03002324514091015,
        "rare_eig_nmse": 0.6306418180465698,
        "regime_acc": 0.0,
        "regime_bal_acc": 0.0,
        "risk_mse": 0.5555713176727295,
        "tail_f1": 0.8571428571428571
      },
      {
        "cov_mse": 0.06382935494184494,
        "drift_mse": 0.023162102326750755,
        "eig_nmse": 0.606744110584259,
        "entropy_mse": 0.02102501131594181,
        "event_rate": 0.75,
        "gap_rmse": 0.9779680371284485,
        "gate_cal": 0.5060276985168457,
        "gate_mean": 0.4895469844341278,
        "lat_align": 0.006421610713005066,
        "memory_scale": 0.75,
        "proj_mse": 0.09785065799951553,
        "rank_mse": 1.013248085975647,
        "rare_cov_mse": 0.06120510771870613,
        "rare_drift_mse": 0.029833419248461723,
        "rare_eig_nmse": 0.630705714225769,
        "regime_acc": 0.0,
        "regime_bal_acc": 0.0,
        "risk_mse": 0.555200457572937,
        "tail_f1": 0.8571428571428571
      },
      {
        "cov_mse": 0.0637831836938858,
        "drift_mse": 0.02313936874270439,
        "eig_nmse": 0.6067979335784912,
        "entropy_mse": 0.02101747877895832,
        "event_rate": 0.75,
        "gap_rmse": 0.9779586791992188,
        "gate_cal": 0.5011431574821472,
        "gate_mean": 0.49250686168670654,
        "lat_align": 0.006450959946960211,
        "memory_scale": 0.5,
        "proj_mse": 0.09788008779287338,
        "rank_mse": 1.0131301879882812,
        "rare_cov_mse": 0.061146967113018036,
        "rare_drift_mse": 0.029805554077029228,
        "rare_eig_nmse": 0.6308156847953796,
        "regime_acc": 0.0,
        "regime_bal_acc": 0.0,
        "risk_mse": 0.555172324180603,
        "tail_f1": 0.8571428571428571
      },
      {
        "cov_mse": 0.0637478232383728,
        "drift_mse": 0.02315545827150345,
        "eig_nmse": 0.6069245338439941,
        "entropy_mse": 0.02104153111577034,
        "event_rate": 0.75,
        "gap_rmse": 0.9781292676925659,
        "gate_cal": 0.5047816038131714,
        "gate_mean": 0.48987704515457153,
        "lat_align": 0.006366245448589325,
        "memory_scale": 0.0,
        "proj_mse": 0.09794694930315018,
        "rank_mse": 1.0134578943252563,
        "rare_cov_mse": 0.061105843633413315,
        "rare_drift_mse": 0.029826456680893898,
        "rare_eig_nmse": 0.6309854984283447,
        "regime_acc": 0.0,
        "regime_bal_acc": 0.0,
        "risk_mse": 0.5550865530967712,
        "tail_f1": 0.8571428571428571
      }
    ],
    "noise": [
      {
        "cov_mse": 0.06384751200675964,
        "drift_mse": 0.023189034312963486,
        "eig_nmse": 0.6067783832550049,
        "entropy_mse": 0.020992452278733253,
        "event_rate": 0.75,
        "gap_rmse": 0.9782572388648987,
        "gate_cal": 0.5036647319793701,
        "gate_mean": 0.48623141646385193,
        "lat_align": 0.0065367515198886395,
        "noise_std": 0.0,
        "proj_mse": 0.09734523296356201,
        "rank_mse": 1.0140188932418823,
        "rare_cov_mse": 0.061168473213911057,
        "rare_drift_mse": 0.02988988347351551,
        "rare_eig_nmse": 0.6307399272918701,
        "regime_acc": 0.0,
        "regime_bal_acc": 0.0,
        "risk_mse": 0.5555827617645264,
        "tail_f1": 0.8571428571428571
      },
      {
        "cov_mse": 0.06398576498031616,
        "drift_mse": 0.023298079147934914,
        "eig_nmse": 0.6066839694976807,
        "entropy_mse": 0.021019557490944862,
        "event_rate": 0.75,
        "gap_rmse": 0.9781173467636108,
        "gate_cal": 0.5086515545845032,
        "gate_mean": 0.4889543652534485,
        "lat_align": 0.006558185443282127,
        "noise_std": 0.03,
        "proj_mse": 0.09767888486385345,
        "rank_mse": 1.013718605041504,