{
  "ablations": {
    "gate_off": {
      "cov_mse": 0.24737797677516937,
      "drift_mse": 0.03969908505678177,
      "eig_nmse": 0.6417845487594604,
      "entropy_mse": 0.002573919016867876,
      "event_rate": 0.0,
      "gap_rmse": 1.5250613689422607,
      "gate_cal": 0.0,
      "gate_mean": 0.0,
      "lat_align": 0.011703950352966785,
      "proj_mse": 0.10484301298856735,
      "rank_mse": 2.3263566493988037,
      "rare_cov_mse": NaN,
      "rare_drift_mse": NaN,
      "rare_eig_nmse": NaN,
      "regime_acc": 1.0,
      "regime_bal_acc": 1.0,
      "risk_mse": 0.41512635350227356,
      "tail_f1": 0.0
    },
    "memory_half": {
      "cov_mse": 0.24724677205085754,
      "drift_mse": 0.03981538489460945,
      "eig_nmse": 0.6417197585105896,
      "entropy_mse": 0.0026471929159015417,
      "event_rate": 0.0,
      "gap_rmse": 1.5253314971923828,
      "gate_cal": 0.5734293460845947,
      "gate_mean": 0.5734293460845947,
      "lat_align": 0.010920067317783833,
      "proj_mse": 0.10500335693359375,
      "rank_mse": 2.324557065963745,
      "rare_cov_mse": NaN,
      "rare_drift_mse": NaN,
      "rare_eig_nmse": NaN,
      "regime_acc": 1.0,
      "regime_bal_acc": 1.0,
      "risk_mse": 0.41417282819747925,
      "tail_f1": 0.0
    },
    "memory_off": {
      "cov_mse": 0.2474955916404724,
      "drift_mse": 0.039721254259347916,
      "eig_nmse": 0.6418147683143616,
      "entropy_mse": 0.00263443891890347,
      "event_rate": 0.0,
      "gap_rmse": 1.5251848697662354,
      "gate_cal": 0.5685797333717346,
      "gate_mean": 0.5685797333717346,
      "lat_align": 0.01166632678359747,
      "proj_mse": 0.10485942661762238,
      "rank_mse": 2.326225757598877,
      "rare_cov_mse": NaN,
      "rare_drift_mse": NaN,
      "rare_eig_nmse": NaN,
      "regime_acc": 1.0,
      "regime_bal_acc": 1.0,
      "risk_mse": 0.41488116979599,
      "tail_f1": 0.0
    }
  },
  "benchmark": {
    "persistence": {
      "cov_mse": 5.766563892364502,
      "drift_mse": 0.6553667783737183,
      "eig_nmse": 12.38183307647705,
      "entropy_mse": 0.0275815948843956,
      "event_rate": 0.0,
      "gap_rmse": 7.486934661865234,
      "gate_cal": 0.4999971389770508,
      "gate_mean": 0.4999971389770508,
      "proj_mse": 0.08945279568433762,
      "rank_mse": 0.1044510006904602,
      "regime_acc": 1.0,
      "regime_bal_acc": 1.0,
      "risk_mse": 0.27155810594558716,
      "tail_f1": 0.0
    },
    "trend": {
      "cov_mse": 0.3909706473350525,
      "drift_mse": 0.030679062008857727,
      "eig_nmse": 0.7432565689086914,
      "entropy_mse": 0.28867191076278687,
      "event_rate": 0.0,
      "gap_rmse": 1.4860788583755493,
      "gate_cal": 0.4999971389770508,
      "gate_mean": 0.4999971389770508,
      "proj_mse": 0.08402350544929504,
      "rank_mse": 0.6607711911201477,
      "regime_acc": 0.0,
      "regime_bal_acc": 0.0,
      "risk_mse": 0.1055024117231369,
      "tail_f1": 0.0
    }
  },
  "event_threshold": 0.4763812720775604,
  "history": [
    {
      "epoch": 1,
      "train_loss": 407.0434226989746,
      "val_cov_mse": 0.12004359811544418,
      "val_drift_mse": 0.10418402403593063,
      "val_eig_nmse": 0.45744583010673523,
      "val_gate_cal": 0.5744711756706238,
      "val_proj_mse": 0.11574705690145493,
      "val_regime_acc": 1.0,
      "val_tail_f1": 0.0
    }
  ],
  "memory": {
    "mean_salience": 0.8413900136947632,
    "size": 1.0
  },
  "robustness": {
    "memory": [
      {
        "cov_mse": 0.24685059487819672,
        "drift_mse": 0.03982192277908325,
        "eig_nmse": 0.641560435295105,
        "entropy_mse": 0.002634815638884902,
        "event_rate": 0.0,
        "gap_rmse": 1.525392770767212,
        "gate_cal": 0.5722143650054932,
        "gate_mean": 0.5722143650054932,
        "lat_align": 0.010220465250313282,
        "memory_scale": 1.0,
        "proj_mse": 0.10515129566192627,
        "rank_mse": 2.3233301639556885,
        "rare_cov_mse": NaN,
        "rare_drift_mse": NaN,
        "rare_eig_nmse": NaN,
        "regime_acc": 1.0,
        "regime_bal_acc": 1.0,
        "risk_mse": 0.4121910333633423,
        "tail_f1": 0.0
      },
      {
        "cov_mse": 0.24725161492824554,
        "drift_mse": 0.039808861911296844,
        "eig_nmse": 0.6416447758674622,
        "entropy_mse": 0.0026649280916899443,
        "event_rate": 0.0,
        "gap_rmse": 1.5253342390060425,
        "gate_cal": 0.5717953443527222,
        "gate_mean": 0.5717953443527222,
        "lat_align": 0.010527080856263638,
        "memory_scale": 0.75,
        "proj_mse": 0.1052372083067894,
        "rank_mse": 2.3241074085235596,
        "rare_cov_mse": NaN,
        "rare_drift_mse": NaN,
        "rare_eig_nmse": NaN,
        "regime_acc": 1.0,
        "regime_bal_acc": 1.0,
        "risk_mse": 0.4128873944282532,
        "tail_f1": 0.0
      },
      {
        "cov_mse": 0.24723240733146667,
        "drift_mse": 0.039721038192510605,
        "eig_nmse": 0.6416688561439514,
        "entropy_mse": 0.0026092329062521458,
        "event_rate": 0.0,
        "gap_rmse": 1.5252153873443604,
        "gate_cal": 0.5703059434890747,
        "gate_mean": 0.5703059434890747,
        "lat_align": 0.010822247713804245,
        "memory_scale": 0.5,
        "proj_mse": 0.10510580986738205,
        "rank_mse": 2.324786901473999,
        "rare_cov_mse": NaN,
        "rare_drift_mse": NaN,
        "rare_eig_nmse": NaN,
        "regime_acc": 1.0,
        "regime_bal_acc": 1.0,
        "risk_mse": 0.4133341312408447,
        "tail_f1": 0.0
      },
      {
        "cov_mse": 0.24735355377197266,
        "drift_mse": 0.03963388130068779,
        "eig_nmse": 0.6418282389640808,
        "entropy_mse": 0.002712514251470566,
        "event_rate": 0.0,
        "gap_rmse": 1.5252012014389038,
        "gate_cal": 0.5707361698150635,
        "gate_mean": 0.5707361698150635,
        "lat_align": 0.011521249078214169,
        "memory_scale": 0.0,
        "proj_mse": 0.10487765818834305,
        "rank_mse": 2.3256797790527344,
        "rare_cov_mse": NaN,
        "rare_drift_mse": NaN,
        "rare_eig_nmse": NaN,
        "regime_acc": 1.0,
        "regime_bal_acc": 1.0,
        "risk_mse": 0.4142802953720093,
        "tail_f1": 0.0
      }
    ],
    "noise": [
      {
        "cov_mse": 0.24704726040363312,
        "drift_mse": 0.03977952525019646,
        "eig_nmse": 0.6415192484855652,
        "entropy_mse": 0.002707043197005987,
        "event_rate": 0.0,
        "gap_rmse": 1.5252262353897095,
        "gate_cal": 0.5692760348320007,
        "gate_mean": 0.5692760348320007,
        "lat_align": 0.010246305726468563,
        "noise_std": 0.0,
        "proj_mse": 0.10517768561840057,
        "rank_mse": 2.3238282203674316,
        "rare_cov_mse": NaN,
        "rare_drift_mse": NaN,
        "rare_eig_nmse": NaN,
        "regime_acc": 1.0,
        "regime_bal_acc": 1.0,
        "risk_mse": 0.4122503399848938,
        "tail_f1": 0.0
      },
      {
        "cov_mse": 0.24698978662490845,
        "drift_mse": 0.03984228894114494,
        "eig_nmse": 0.6415359973907471,
        "entropy_mse": 0.00259405211545527,
        "event_rate": 0.0,
        "gap_rmse": 1.5253148078918457,
        "gate_cal": 0.570709228515625,
        "gate_mean": 0.570709228515625,
        "lat_align": 0.010274577885866165,
        "noise_std": 0.03,
        "proj_mse": 0.10521338135004044,
        "rank_mse": 2.3236536979675293,
        "rare_cov_mse": NaN,
        "rare_drift_mse": NaN,
        "rare_eig_nmse": NaN,
        "regime_acc": 1.0,
        "regime_bal_acc": 1.0,
        "risk_mse": 0.4125649929046631,
        "tail_f1": 0.0
      },
      {
        "cov_mse": 0.24666984379291534,
        "drift_mse": 0.03974372521042824,
        "eig_nmse": 0.641654908657074,
        "entropy_mse": 0.0026884053368121386,
        "event_rate": 0.0,
        "gap_rmse": 1.5254971981048584,
        "gate_cal": 0.5744882822036743,
        "gate_mean": 0.5744882822036743,