{
  "aggregate": {
    "full": {
      "cov_mse": {
        "mean": 0.06359955668449402,
        "std": 0.0
      },
      "drift_mse": {
        "mean": 0.02335439994931221,
        "std": 0.0
      },
      "eig_nmse": {
        "mean": 0.6071410775184631,
        "std": 0.0
      },
      "entropy_mse": {
        "mean": 0.020781390368938446,
        "std": 0.0
      },
      "event_rate": {
        "mean": 0.75,
        "std": 0.0
      },
      "gap_rmse": {
        "mean": 0.9785112142562866,
        "std": 0.0
      },
      "gate_cal": {
        "mean": 0.5050787329673767,
        "std": 0.0
      },
      "gate_mean": {
        "mean": 0.4883592128753662,
        "std": 0.0
      },
      "lat_align": {
        "mean": 0.007335605565458536,
        "std": 0.0
      },
      "proj_mse": {
        "mean": 0.09861776232719421,
        "std": 0.0
      },
      "rank_mse": {
        "mean": 1.0109814405441284,
        "std": 0.0
      },
      "rare_cov_mse": {
        "mean": 0.06105976924300194,
        "std": 0.0
      },
      "rare_drift_mse": {
        "mean": 0.03013509511947632,
        "std": 0.0
      },
      "rare_eig_nmse": {
        "mean": 0.631147027015686,
        "std": 0.0
      },
      "regime_acc": {
        "mean": 0.0,
        "std": 0.0
      },
      "regime_bal_acc": {
        "mean": 0.0,
        "std": 0.0
      },
      "risk_mse": {
        "mean": 0.5568718910217285,
        "std": 0.0
      },
      "tail_f1": {
        "mean": 0.8571428571428571,
        "std": 0.0
      }
    },
    "no_gate": {
      "cov_mse": {
        "mean": 0.06331782042980194,
        "std": 0.0
      },
      "drift_mse": {
        "mean": 0.02358153834939003,
        "std": 0.0
      },
      "eig_nmse": {
        "mean": 0.6075222492218018,
        "std": 0.0
      },
      "entropy_mse": {
        "mean": 0.020520389080047607,
        "std": 0.0
      },
      "event_rate": {
        "mean": 0.75,
        "std": 0.0
      },
      "gap_rmse": {
        "mean": 0.9790812730789185,
        "std": 0.0
      },
      "gate_cal": {
        "mean": 0.25,
        "std": 0.0
      },
      "gate_mean": {
        "mean": 1.0,
        "std": 0.0
      },
      "lat_align": {
        "mean": 0.008841742761433125,
        "std": 0.0
      },
      "proj_mse": {
        "mean": 0.09922027587890625,
        "std": 0.0
      },
      "rank_mse": {
        "mean": 1.0089476108551025,
        "std": 0.0
      },
      "rare_cov_mse": {
        "mean": 0.06083279475569725,
        "std": 0.0
      },
      "rare_drift_mse": {
        "mean": 0.030483679845929146,
        "std": 0.0
      },
      "rare_eig_nmse": {
        "mean": 0.6315878629684448,
        "std": 0.0
      },
      "regime_acc": {
        "mean": 0.0,
        "std": 0.0
      },
      "regime_bal_acc": {
        "mean": 0.0,
        "std": 0.0
      },
      "risk_mse": {
        "mean": 0.5587101578712463,
        "std": 0.0
      },
      "tail_f1": {
        "mean": 0.8571428571428571,
        "std": 0.0
      }
    },
    "no_memory": {
      "cov_mse": {
        "mean": 0.06383398175239563,
        "std": 0.0
      },
      "drift_mse": {
        "mean": 0.02314034476876259,
        "std": 0.0
      },
      "eig_nmse": {
        "mean": 0.6067460179328918,
        "std": 0.0
      },
      "entropy_mse": {
        "mean": 0.021035123616456985,
        "std": 0.0
      },
      "event_rate": {
        "mean": 0.75,
        "std": 0.0
      },
      "gap_rmse": {
        "mean": 0.9779309630393982,
        "std": 0.0
      },
      "gate_cal": {
        "mean": 0.5041043758392334,
        "std": 0.0
      },
      "gate_mean": {
        "mean": 0.49038130044937134,
        "std": 0.0
      },
      "lat_align": {
        "mean": 0.006418533157557249,
        "std": 0.0
      },
      "proj_mse": {
        "mean": 0.09797640144824982,
        "std": 0.0
      },
      "rank_mse": {
        "mean": 1.0130572319030762,
        "std": 0.0
      },
      "rare_cov_mse": {
        "mean": 0.06124228984117508,
        "std": 0.0
      },
      "rare_drift_mse": {
        "mean": 0.029805639758706093,
        "std": 0.0
      },
      "rare_eig_nmse": {
        "mean": 0.6306844353675842,
        "std": 0.0
      },
      "regime_acc": {
        "mean": 0.0,
        "std": 0.0
      },
      "regime_bal_acc": {
        "mean": 0.0,
        "std": 0.0
      },
      "risk_mse": {
        "mean": 0.555185079574585,
        "std": 0.0
      },
      "tail_f1": {
        "mean": 0.8571428571428571,
        "std": 0.0
      }
    },
    "no_regime": {
      "cov_mse": {
        "mean": 0.06359726190567017,
        "std": 0.0
      },
      "drift_mse": {
        "mean": 0.023352794349193573,
        "std": 0.0
      },
      "eig_nmse": {
        "mean": 0.6071381568908691,
        "std": 0.0
      },
      "entropy_mse": {
        "mean": 0.02078036218881607,
        "std": 0.0
      },
      "event_rate": {
        "mean": 0.75,
        "std": 0.0
      },
      "gap_rmse": {
        "mean": 0.9785046577453613,
        "std": 0.0
      },
      "gate_cal": {
        "mean": 0.5051660537719727,
        "std": 0.0
      },
      "gate_mean": {
        "mean": 0.48819056153297424,
        "std": 0.0
      },
      "lat_align": {
        "mean": 0.0073380121029913425,
        "std": 0.0
      },
      "proj_mse": {
        "mean": 0.09861449897289276,
        "std": 0.0
      },
      "rank_mse": {
        "mean": 1.010973572731018,
        "std": 0.0
      },
      "rare_cov_mse": {
        "mean": 0.061057429760694504,
        "std": 0.0
      },
      "rare_drift_mse": {
        "mean": 0.030132634565234184,
        "std": 0.0
      },
      "rare_eig_nmse": {
        "mean": 0.6311455368995667,
        "std": 0.0
      },
      "regime_acc": {
        "mean": 0.0,
        "std": 0.0
      },
      "regime_bal_acc": {
        "mean": 0.0,
        "std": 0.0
      },
      "risk_mse": {
        "mean": 0.5568708777427673,
        "std": 0.0
      },
      "tail_f1": {
        "mean": 0.8571428571428571,
        "std": 0.0
      }
    }
  },
  "benchmark": {
    "persistence": {
      "cov_mse": {
        "mean": 0.07774820923805237,
        "std": 0.0
      },
      "drift_mse": {
        "mean": 0.515931248664856,
        "std": 0.0
      },
      "eig_nmse": {
        "mean": 0.22185246646404266,
        "std": 0.0
      },
      "entropy_mse": {
        "mean": 0.16074015200138092,
        "std": 0.0
      },
      "event_rate": {
        "mean": 0.75,
        "std": 0.0
      },
      "gap_rmse": {
        "mean": 0.41346731781959534,
        "std": 0.0
      },
      "gate_cal": {
        "mean": 0.4923505187034607,
        "std": 0.0
      },
      "gate_mean": {
        "mean": 0.4999992251396179,
        "std": 0.0
      },
      "proj_mse": {
        "mean": 0.07216070592403412,
        "std": 0.0
      },
      "rank_mse": {
        "mean": 0.6683170199394226,
        "std": 0.0
      },
      "regime_acc": {
        "mean": 1.0,
        "std": 0.0
      },
      "regime_bal_acc": {
        "mean": 1.0,
        "std": 0.0
      },
      "risk_mse": {
        "mean": 0.04370139539241791,
        "std": 0.0
      },
      "tail_f1": {
        "mean": 0.8571428571428571,
        "std": 0.0
      }
    },
    "trend": {
      "cov_mse": {
        "mean": 0.06464865058660507,
        "std": 0.0
      },
      "drift_mse": {
        "mean": 0.03946675360202789,
        "std": 0.0
      },
      "eig_nmse": {
        "mean": 0.8902810215950012,
        "std": 0.0
      },
      "entropy_mse": {
        "mean": 0.3135346472263336,
        "std": 0.0
      },
      "event_rate": {
        "mean": 0.75,
        "std": 0.0
      },
      "gap_rmse": {
        "mean": 0.917693555355072,
        "std": 0.0
      },
      "gate_cal": {
        "mean": 0.4923505187034607,
        "std": 0.0
      },
      "gate_mean": {
        "mean": 0.4999992251396179,
        "std": 0.0
      },