{
  "ablations": {
    "gate_off": {
      "cov_mse": 0.07049408555030823,
      "drift_mse": 0.005274919793009758,
      "eig_nmse": 0.5288641452789307,
      "entropy_mse": 0.021706214174628258,
      "event_rate": 0.5,
      "gap_rmse": 0.6534610986709595,
      "gate_cal": 0.5,
      "gate_mean": 0.0,
      "lat_align": 0.012883045710623264,
      "proj_mse": 0.10544227063655853,
      "rank_mse": 2.972210645675659,
      "rare_cov_mse": 0.0760626494884491,
      "rare_drift_mse": 0.008565094321966171,
      "rare_eig_nmse": 0.560261607170105,
      "regime_acc": 0.0,
      "regime_bal_acc": 0.0,
      "risk_mse": 0.26756614446640015,
      "tail_f1": 0.0
    },
    "memory_half": {
      "cov_mse": 0.07005022466182709,
      "drift_mse": 0.0054028937593102455,
      "eig_nmse": 0.5282052755355835,
      "entropy_mse": 0.021658839657902718,
      "event_rate": 0.5,
      "gap_rmse": 0.653455376625061,
      "gate_cal": 0.5027152299880981,
      "gate_mean": 0.5720393657684326,
      "lat_align": 0.013056782074272633,
      "proj_mse": 0.10547909140586853,
      "rank_mse": 2.9709415435791016,
      "rare_cov_mse": 0.07554515451192856,
      "rare_drift_mse": 0.00869373045861721,
      "rare_eig_nmse": 0.5596791505813599,
      "regime_acc": 0.0,
      "regime_bal_acc": 0.0,
      "risk_mse": 0.26938048005104065,
      "tail_f1": 0.6666666666666666
    },
    "memory_off": {
      "cov_mse": 0.0705062672495842,
      "drift_mse": 0.005301085766404867,
      "eig_nmse": 0.5290073752403259,
      "entropy_mse": 0.021705670282244682,
      "event_rate": 0.5,
      "gap_rmse": 0.6537743806838989,
      "gate_cal": 0.5038882493972778,
      "gate_mean": 0.5740586519241333,
      "lat_align": 0.0128731494769454,
      "proj_mse": 0.10542842000722885,
      "rank_mse": 2.9723739624023438,
      "rare_cov_mse": 0.07610537856817245,
      "rare_drift_mse": 0.008588246069848537,
      "rare_eig_nmse": 0.5598726868629456,
      "regime_acc": 0.0,
      "regime_bal_acc": 0.0,
      "risk_mse": 0.26757875084877014,
      "tail_f1": 0.6666666666666666
    }
  },
  "benchmark": {
    "persistence": {
      "cov_mse": 0.05491243302822113,
      "drift_mse": 0.650194525718689,
      "eig_nmse": 0.39904677867889404,
      "entropy_mse": 0.050429992377758026,
      "event_rate": 0.5,
      "gap_rmse": 0.4920158386230469,
      "gate_cal": 0.5071674585342407,
      "gate_mean": 0.4999995827674866,
      "proj_mse": 0.08156287670135498,
      "rank_mse": 0.26858264207839966,
      "regime_acc": 1.0,
      "regime_bal_acc": 1.0,
      "risk_mse": 0.015998611226677895,
      "tail_f1": 0.6666666666666666
    },
    "trend": {
      "cov_mse": 0.12232059985399246,
      "drift_mse": 0.01597771979868412,
      "eig_nmse": 0.5142939686775208,
      "entropy_mse": 0.021560639142990112,
      "event_rate": 0.5,
      "gap_rmse": 0.37647145986557007,
      "gate_cal": 0.5071674585342407,
      "gate_mean": 0.4999995827674866,
      "proj_mse": 0.0865795910358429,
      "rank_mse": 0.10786163806915283,
      "regime_acc": 1.0,
      "regime_bal_acc": 1.0,
      "risk_mse": 0.019107680767774582,
      "tail_f1": 0.6666666666666666
    }
  },
  "event_threshold": 0.3800433278083801,
  "history": [
    {
      "epoch": 1,
      "train_loss": 10.347781419754028,
      "val_cov_mse": 0.0648755207657814,
      "val_drift_mse": 0.010219700634479523,
      "val_eig_nmse": 0.5662585496902466,
      "val_gate_cal": 0.4622304141521454,
      "val_proj_mse": 0.10969870537519455,
      "val_regime_acc": 0.5,
      "val_tail_f1": 0.8571428571428571
    }
  ],
  "memory": {
    "mean_salience": 0.5107734203338623,
    "size": 2.0
  },
  "robustness": {
    "memory": [
      {
        "cov_mse": 0.06970531493425369,
        "drift_mse": 0.005394225940108299,
        "eig_nmse": 0.5280241370201111,
        "entropy_mse": 0.021603714674711227,
        "event_rate": 0.5,
        "gap_rmse": 0.653235137462616,
        "gate_cal": 0.5030451416969299,
        "gate_mean": 0.5787190198898315,
        "lat_align": 0.013668772764503956,
        "memory_scale": 1.0,
        "proj_mse": 0.10530747473239899,
        "rank_mse": 2.970551013946533,
        "rare_cov_mse": 0.07510724663734436,
        "rare_drift_mse": 0.008606781251728535,
        "rare_eig_nmse": 0.5592375993728638,
        "regime_acc": 0.0,
        "regime_bal_acc": 0.0,
        "risk_mse": 0.2710247039794922,
        "tail_f1": 0.6666666666666666
      },
      {
        "cov_mse": 0.06995639204978943,
        "drift_mse": 0.005363041535019875,
        "eig_nmse": 0.5284566879272461,
        "entropy_mse": 0.021641209721565247,
        "event_rate": 0.5,
        "gap_rmse": 0.65358966588974,
        "gate_cal": 0.5020872354507446,
        "gate_mean": 0.5708729028701782,
        "lat_align": 0.013183589093387127,
        "memory_scale": 0.75,
        "proj_mse": 0.10531160235404968,
        "rank_mse": 2.969918727874756,
        "rare_cov_mse": 0.07538764923810959,
        "rare_drift_mse": 0.008639084175229073,
        "rare_eig_nmse": 0.5594480633735657,
        "regime_acc": 0.0,
        "regime_bal_acc": 0.0,
        "risk_mse": 0.2702712118625641,
        "tail_f1": 0.6666666666666666
      },
      {
        "cov_mse": 0.07016292214393616,
        "drift_mse": 0.005307033658027649,
        "eig_nmse": 0.5286644101142883,
        "entropy_mse": 0.02165450155735016,
        "event_rate": 0.5,
        "gap_rmse": 0.6537601947784424,
        "gate_cal": 0.5018962025642395,
        "gate_mean": 0.5701689720153809,
        "lat_align": 0.012947462499141693,
        "memory_scale": 0.5,
        "proj_mse": 0.10539279878139496,
        "rank_mse": 2.9704067707061768,
        "rare_cov_mse": 0.07564310729503632,
        "rare_drift_mse": 0.008568684570491314,
        "rare_eig_nmse": 0.5596352815628052,
        "regime_acc": 0.0,
        "regime_bal_acc": 0.0,
        "risk_mse": 0.26941978931427,
        "tail_f1": 0.6666666666666666
      },
      {
        "cov_mse": 0.07052947580814362,
        "drift_mse": 0.00525070121511817,
        "eig_nmse": 0.5291907787322998,
        "entropy_mse": 0.021685630083084106,
        "event_rate": 0.5,
        "gap_rmse": 0.6537899971008301,
        "gate_cal": 0.5023316740989685,
        "gate_mean": 0.5725984573364258,
        "lat_align": 0.012909549288451672,
        "memory_scale": 0.0,
        "proj_mse": 0.10543270409107208,
        "rank_mse": 2.9719033241271973,
        "rare_cov_mse": 0.07612976431846619,
        "rare_drift_mse": 0.008494285866618156,
        "rare_eig_nmse": 0.5606223344802856,
        "regime_acc": 0.0,
        "regime_bal_acc": 0.0,
        "risk_mse": 0.26758959889411926,
        "tail_f1": 0.6666666666666666
      }
    ],
    "noise": [
      {
        "cov_mse": 0.06974589824676514,
        "drift_mse": 0.005350220482796431,
        "eig_nmse": 0.5283060073852539,
        "entropy_mse": 0.02165374346077442,
        "event_rate": 0.5,
        "gap_rmse": 0.6535526514053345,
        "gate_cal": 0.5033564567565918,
        "gate_mean": 0.5724965333938599,
        "lat_align": 0.01358534675091505,
        "noise_std": 0.0,
        "proj_mse": 0.10531432926654816,
        "rank_mse": 2.970447301864624,
        "rare_cov_mse": 0.07519904524087906,
        "rare_drift_mse": 0.008514576591551304,
        "rare_eig_nmse": 0.559593915939331,
        "regime_acc": 0.0,
        "regime_bal_acc": 0.0,
        "risk_mse": 0.27108141779899597,
        "tail_f1": 0.6666666666666666
      },
      {
        "cov_mse": 0.0697399377822876,
        "drift_mse": 0.005364417098462582,
        "eig_nmse": 0.5277276039123535,
        "entropy_mse": 0.021629903465509415,
        "event_rate": 0.5,
        "gap_rmse": 0.6535287499427795,
        "gate_cal": 0.5012603402137756,
        "gate_mean": 0.5692688226699829,
        "lat_align": 0.013453413732349873,
        "noise_std": 0.03,
        "proj_mse": 0.10542862117290497,
        "rank_mse": 2.968878984451294,