{
  "ablations": {
    "gate_off": {
      "cov_mse": 0.05146096833050251,
      "drift_mse": 0.0247473306953907,
      "eig_nmse": 0.7062475383281708,
      "entropy_mse": 0.01669325539842248,
      "event_rate": 0.375,
      "gap_rmse": 0.6049911379814148,
      "gate_cal": 0.375,
      "gate_mean": 0.0,
      "lat_align": 0.004588509444147348,
      "proj_mse": 0.11011743918061256,
      "rank_mse": 1.884630262851715,
      "rare_cov_mse": 0.058988237753510475,
      "rare_drift_mse": 0.04191676527261734,
      "rare_eig_nmse": 0.684615433216095,
      "regime_acc": 0.0,
      "regime_bal_acc": 0.0,
      "risk_mse": 0.5014953017234802,
      "tail_f1": 0.0
    },
    "memory_half": {
      "cov_mse": 0.05143827013671398,
      "drift_mse": 0.024739010259509087,
      "eig_nmse": 0.7062899768352509,
      "entropy_mse": 0.01668942579999566,
      "event_rate": 0.375,
      "gap_rmse": 0.6049937903881073,
      "gate_cal": 0.4911271780729294,
      "gate_mean": 0.46684063971042633,
      "lat_align": 0.004573214333504438,
      "proj_mse": 0.11012090370059013,
      "rank_mse": 1.8846837878227234,
      "rare_cov_mse": 0.05900420621037483,
      "rare_drift_mse": 0.04186735209077597,
      "rare_eig_nmse": 0.6848137974739075,
      "regime_acc": 0.0,
      "regime_bal_acc": 0.0,
      "risk_mse": 0.5015245079994202,
      "tail_f1": 0.5333333333333333
    },
    "memory_off": {
      "cov_mse": 0.05149182304739952,
      "drift_mse": 0.024758352898061275,
      "eig_nmse": 0.7062532603740692,
      "entropy_mse": 0.016681947745382786,
      "event_rate": 0.375,
      "gap_rmse": 0.6049900949001312,
      "gate_cal": 0.4915208965539932,
      "gate_mean": 0.46523092687129974,
      "lat_align": 0.004561553942039609,
      "proj_mse": 0.11014687269926071,
      "rank_mse": 1.8849350214004517,
      "rare_cov_mse": 0.05902683362364769,
      "rare_drift_mse": 0.041906931437551975,
      "rare_eig_nmse": 0.6846850216388702,
      "regime_acc": 0.0,
      "regime_bal_acc": 0.0,
      "risk_mse": 0.5014004409313202,
      "tail_f1": 0.5333333333333333
    }
  },
  "benchmark": {
    "persistence": {
      "cov_mse": 0.023607862492402393,
      "drift_mse": 0.532450000445048,
      "eig_nmse": 0.2298539529244105,
      "entropy_mse": 0.0744099219640096,
      "event_rate": 0.3333333333333333,
      "gap_rmse": 0.3616838256518046,
      "gate_cal": 0.4950338502724965,
      "gate_mean": 0.5000035266081492,
      "proj_mse": 0.07499835143486659,
      "rank_mse": 0.36639795700709027,
      "regime_acc": 1.0,
      "regime_bal_acc": 1.0,
      "risk_mse": 0.04084595789511999,
      "tail_f1": 0.48888888888888893
    },
    "trend": {
      "cov_mse": 0.057238154113292694,
      "drift_mse": 0.009576992442210516,
      "eig_nmse": 0.5532468557357788,
      "entropy_mse": 0.12621347606182098,
      "event_rate": 0.3333333333333333,
      "gap_rmse": 0.6679407954216003,
      "gate_cal": 0.4950338502724965,
      "gate_mean": 0.5000035266081492,
      "proj_mse": 0.07826248556375504,
      "rank_mse": 0.4938314159711202,
      "regime_acc": 1.0,
      "regime_bal_acc": 1.0,
      "risk_mse": 0.07976730540394783,
      "tail_f1": 0.48888888888888893
    }
  },
  "event_threshold": 0.39363721013069153,
  "history": [
    {
      "epoch": 1,
      "train_loss": 12.43596363067627,
      "val_cov_mse": 0.039609961211681366,
      "val_drift_mse": 0.019234800478443503,
      "val_eig_nmse": 1.2787094712257385,
      "val_gate_cal": 0.48061636090278625,
      "val_proj_mse": 0.08647586405277252,
      "val_regime_acc": 0.0,
      "val_tail_f1": 0.3333333333333333
    },
    {
      "epoch": 2,
      "train_loss": 11.617167472839355,
      "val_cov_mse": 0.03690824285149574,
      "val_drift_mse": 0.018338273745030165,
      "val_eig_nmse": 1.2708737254142761,
      "val_gate_cal": 0.4809880554676056,
      "val_proj_mse": 0.08086259663105011,
      "val_regime_acc": 0.0,
      "val_tail_f1": 0.3333333333333333
    }
  ],
  "memory": {
    "mean_salience": 0.0,
    "size": 0.0
  },
  "robustness": {
    "memory": [
      {
        "cov_mse": 0.051609864458441734,
        "drift_mse": 0.02478221897035837,
        "eig_nmse": 0.7062893509864807,
        "entropy_mse": 0.016658971086144447,
        "event_rate": 0.375,
        "gap_rmse": 0.6049935221672058,
        "gate_cal": 0.4915880411863327,
        "gate_mean": 0.46349993348121643,
        "lat_align": 0.004468738799914718,
        "memory_scale": 1.0,
        "proj_mse": 0.11038351431488991,
        "rank_mse": 1.8849656581878662,
        "rare_cov_mse": 0.059116316959261894,
        "rare_drift_mse": 0.04194848891347647,
        "rare_eig_nmse": 0.6846272647380829,
        "regime_acc": 0.0,
        "regime_bal_acc": 0.0,
        "risk_mse": 0.5013518184423447,
        "tail_f1": 0.5333333333333333
      },
      {
        "cov_mse": 0.05150160379707813,
        "drift_mse": 0.024762730114161968,
        "eig_nmse": 0.7062992751598358,
        "entropy_mse": 0.01667038630694151,
        "event_rate": 0.375,
        "gap_rmse": 0.604999303817749,
        "gate_cal": 0.49196039140224457,
        "gate_mean": 0.46652986109256744,
        "lat_align": 0.0045431493781507015,
        "memory_scale": 0.75,
        "proj_mse": 0.11019361764192581,
        "rank_mse": 1.884692668914795,
        "rare_cov_mse": 0.05906810611486435,
        "rare_drift_mse": 0.0419300040230155,
        "rare_eig_nmse": 0.6847212910652161,
        "regime_acc": 0.0,
        "regime_bal_acc": 0.0,
        "risk_mse": 0.5014541149139404,
        "tail_f1": 0.5333333333333333
      },
      {
        "cov_mse": 0.05157986655831337,
        "drift_mse": 0.024762689135968685,
        "eig_nmse": 0.7063189744949341,
        "entropy_mse": 0.016674446407705545,
        "event_rate": 0.375,
        "gap_rmse": 0.6049884855747223,
        "gate_cal": 0.49227918684482574,
        "gate_mean": 0.4657510071992874,
        "lat_align": 0.004494506632909179,
        "memory_scale": 0.5,
        "proj_mse": 0.1103188544511795,
        "rank_mse": 1.8846401572227478,
        "rare_cov_mse": 0.05907372385263443,
        "rare_drift_mse": 0.04192076064646244,
        "rare_eig_nmse": 0.6846691370010376,
        "regime_acc": 0.0,
        "regime_bal_acc": 0.0,
        "risk_mse": 0.5014336258172989,
        "tail_f1": 0.5333333333333333
      },
      {
        "cov_mse": 0.05147493816912174,
        "drift_mse": 0.024751930963248014,
        "eig_nmse": 0.7063136994838715,
        "entropy_mse": 0.01669297367334366,
        "event_rate": 0.375,
        "gap_rmse": 0.6049830615520477,
        "gate_cal": 0.4931168407201767,
        "gate_mean": 0.46691979467868805,
        "lat_align": 0.0045565408654510975,
        "memory_scale": 0.0,
        "proj_mse": 0.11011698842048645,
        "rank_mse": 1.8846725821495056,
        "rare_cov_mse": 0.05898628570139408,
        "rare_drift_mse": 0.0419158972799778,
        "rare_eig_nmse": 0.6846913993358612,
        "regime_acc": 0.0,
        "regime_bal_acc": 0.0,
        "risk_mse": 0.5014424622058868,
        "tail_f1": 0.5333333333333333
      }
    ],
    "noise": [
      {
        "cov_mse": 0.05151568911969662,
        "drift_mse": 0.024757301434874535,
        "eig_nmse": 0.7063037157058716,
        "entropy_mse": 0.01665450492873788,
        "event_rate": 0.375,
        "gap_rmse": 0.6049951314926147,
        "gate_cal": 0.49137717485427856,
        "gate_mean": 0.46767932176589966,
        "lat_align": 0.004533119034022093,
        "noise_std": 0.0,
        "proj_mse": 0.11027206107974052,
        "rank_mse": 1.8847585320472717,
        "rare_cov_mse": 0.0591057725250721,
        "rare_drift_mse": 0.04190580453723669,
        "rare_eig_nmse": 0.6847326159477234,
        "regime_acc": 0.0,
        "regime_bal_acc": 0.0,
        "risk_mse": 0.5014134347438812,
        "tail_f1": 0.5333333333333333
      },
      {
        "cov_mse": 0.051518138498067856,
        "drift_mse": 0.024772455915808678,