{
  "ablations": {
    "gate_off": {
      "cov_mse": 0.051582423970103264,
      "drift_mse": 0.02473923470824957,
      "eig_nmse": 0.7066122591495514,
      "entropy_mse": 0.016687332652509212,
      "event_rate": 0.375,
      "gap_rmse": 0.6051813662052155,
      "gate_cal": 0.375,
      "gate_mean": 0.0,
      "lat_align": 0.004667955217882991,
      "proj_mse": 0.11095310002565384,
      "rank_mse": 1.885857105255127,
      "rare_cov_mse": 0.05921020172536373,
      "rare_drift_mse": 0.04190322011709213,
      "rare_eig_nmse": 0.6849955916404724,
      "regime_acc": 0.0,
      "regime_bal_acc": 0.0,
      "risk_mse": 0.5010726153850555,
      "tail_f1": 0.0
    },
    "memory_half": {
      "cov_mse": 0.05152021162211895,
      "drift_mse": 0.025070671923458576,
      "eig_nmse": 0.7058684527873993,
      "entropy_mse": 0.016754325479269028,
      "event_rate": 0.375,
      "gap_rmse": 0.6048009693622589,
      "gate_cal": 0.625,
      "gate_mean": 1.0,
      "lat_align": 0.004949725233018398,
      "proj_mse": 0.11076599359512329,
      "rank_mse": 1.883220374584198,
      "rare_cov_mse": 0.05914010852575302,
      "rare_drift_mse": 0.04243427608162165,
      "rare_eig_nmse": 0.6843844950199127,
      "regime_acc": 0.0,
      "regime_bal_acc": 0.0,
      "risk_mse": 0.502629816532135,
      "tail_f1": 0.5333333333333333
    },
    "memory_off": {
      "cov_mse": 0.05161352828145027,
      "drift_mse": 0.02475082315504551,
      "eig_nmse": 0.7066119015216827,
      "entropy_mse": 0.0166752184741199,
      "event_rate": 0.375,
      "gap_rmse": 0.6051754653453827,
      "gate_cal": 0.625,
      "gate_mean": 1.0,
      "lat_align": 0.004642237443476915,
      "proj_mse": 0.11098138988018036,
      "rank_mse": 1.8861404061317444,
      "rare_cov_mse": 0.059248633682727814,
      "rare_drift_mse": 0.04189396928995848,
      "rare_eig_nmse": 0.6850625276565552,
      "regime_acc": 0.0,
      "regime_bal_acc": 0.0,
      "risk_mse": 0.5009785890579224,
      "tail_f1": 0.5333333333333333
    }
  },
  "benchmark": {
    "persistence": {
      "cov_mse": 0.023607862492402393,
      "drift_mse": 0.532450000445048,
      "eig_nmse": 0.2298539529244105,
      "entropy_mse": 0.0744099219640096,
      "event_rate": 0.3333333333333333,
      "gap_rmse": 0.3616838256518046,
      "gate_cal": 0.4950338502724965,
      "gate_mean": 0.5000035266081492,
      "proj_mse": 0.07499835143486659,
      "rank_mse": 0.36639795700709027,
      "regime_acc": 1.0,
      "regime_bal_acc": 1.0,
      "risk_mse": 0.04084595789511999,
      "tail_f1": 0.48888888888888893
    },
    "trend": {
      "cov_mse": 0.057238154113292694,
      "drift_mse": 0.009576992442210516,
      "eig_nmse": 0.5532468557357788,
      "entropy_mse": 0.12621347606182098,
      "event_rate": 0.3333333333333333,
      "gap_rmse": 0.6679407954216003,
      "gate_cal": 0.4950338502724965,
      "gate_mean": 0.5000035266081492,
      "proj_mse": 0.07826248556375504,
      "rank_mse": 0.4938314159711202,
      "regime_acc": 1.0,
      "regime_bal_acc": 1.0,
      "risk_mse": 0.07976730540394783,
      "tail_f1": 0.48888888888888893
    }
  },
  "event_threshold": 0.39363721013069153,
  "history": [
    {
      "epoch": 1,
      "train_loss": 12.756392097473144,
      "val_cov_mse": 0.04045152850449085,
      "val_drift_mse": 0.019823492504656315,
      "val_eig_nmse": 1.2805196046829224,
      "val_gate_cal": 0.75,
      "val_proj_mse": 0.08861278742551804,
      "val_regime_acc": 0.0,
      "val_tail_f1": 0.3333333333333333
    },
    {
      "epoch": 2,
      "train_loss": 11.836250114440919,
      "val_cov_mse": 0.03746216744184494,
      "val_drift_mse": 0.0189940903801471,
      "val_eig_nmse": 1.2692837715148926,
      "val_gate_cal": 0.75,
      "val_proj_mse": 0.08221125602722168,
      "val_regime_acc": 0.0,
      "val_tail_f1": 0.3333333333333333
    }
  ],
  "memory": {
    "mean_salience": 0.7756942510604858,
    "size": 2.0
  },
  "robustness": {
    "memory": [
      {
        "cov_mse": 0.05170048959553242,
        "drift_mse": 0.025084421504288912,
        "eig_nmse": 0.705915242433548,
        "entropy_mse": 0.016717819031327963,
        "event_rate": 0.375,
        "gap_rmse": 0.6048147678375244,
        "gate_cal": 0.4903644025325775,
        "gate_mean": 0.4595263600349426,
        "lat_align": 0.004795209039002657,
        "memory_scale": 1.0,
        "proj_mse": 0.11105098947882652,
        "rank_mse": 1.8836907148361206,
        "rare_cov_mse": 0.05926163122057915,
        "rare_drift_mse": 0.04246533662080765,
        "rare_eig_nmse": 0.684265524148941,
        "regime_acc": 0.0,
        "regime_bal_acc": 0.0,
        "risk_mse": 0.5022983551025391,
        "tail_f1": 0.5333333333333333
      },
      {
        "cov_mse": 0.05159418471157551,
        "drift_mse": 0.024989021942019463,
        "eig_nmse": 0.7061169743537903,
        "entropy_mse": 0.016713924705982208,
        "event_rate": 0.375,
        "gap_rmse": 0.6049217581748962,
        "gate_cal": 0.49087807536125183,
        "gate_mean": 0.46235325932502747,
        "lat_align": 0.00476885330863297,
        "memory_scale": 0.75,
        "proj_mse": 0.11089614778757095,
        "rank_mse": 1.8840574622154236,
        "rare_cov_mse": 0.059229910373687744,
        "rare_drift_mse": 0.04231730755418539,
        "rare_eig_nmse": 0.6845441460609436,
        "regime_acc": 0.0,
        "regime_bal_acc": 0.0,
        "risk_mse": 0.5020848214626312,
        "tail_f1": 0.5333333333333333
      },
      {
        "cov_mse": 0.05168214999139309,
        "drift_mse": 0.02491096407175064,
        "eig_nmse": 0.7063143253326416,
        "entropy_mse": 0.01670167874544859,
        "event_rate": 0.375,
        "gap_rmse": 0.6049982309341431,
        "gate_cal": 0.49111567437648773,
        "gate_mean": 0.4618186205625534,
        "lat_align": 0.0046430411748588085,
        "memory_scale": 0.5,
        "proj_mse": 0.11106126382946968,
        "rank_mse": 1.8846224546432495,
        "rare_cov_mse": 0.05925515107810497,
        "rare_drift_mse": 0.04217479657381773,
        "rare_eig_nmse": 0.6846821308135986,
        "regime_acc": 0.0,
        "regime_bal_acc": 0.0,
        "risk_mse": 0.5017167329788208,
        "tail_f1": 0.5333333333333333
      },
      {
        "cov_mse": 0.0515972264111042,
        "drift_mse": 0.024744226597249508,
        "eig_nmse": 0.7066723108291626,
        "entropy_mse": 0.01668668957427144,
        "event_rate": 0.375,
        "gap_rmse": 0.6051696836948395,
        "gate_cal": 0.49198204278945923,
        "gate_mean": 0.4627433717250824,
        "lat_align": 0.004635517951101065,
        "memory_scale": 0.0,
        "proj_mse": 0.1109532006084919,
        "rank_mse": 1.885883092880249,
        "rare_cov_mse": 0.059208041056990623,
        "rare_drift_mse": 0.04190261196345091,
        "rare_eig_nmse": 0.6850647628307343,
        "regime_acc": 0.0,
        "regime_bal_acc": 0.0,
        "risk_mse": 0.5010242164134979,
        "tail_f1": 0.5333333333333333
      }
    ],
    "noise": [
      {
        "cov_mse": 0.05160011164844036,
        "drift_mse": 0.025063538923859596,
        "eig_nmse": 0.7059350609779358,
        "entropy_mse": 0.016713855788111687,
        "event_rate": 0.375,
        "gap_rmse": 0.6048255264759064,
        "gate_cal": 0.4902464747428894,
        "gate_mean": 0.46334779262542725,
        "lat_align": 0.004869201220571995,
        "noise_std": 0.0,
        "proj_mse": 0.11092966049909592,
        "rank_mse": 1.8834882378578186,
        "rare_cov_mse": 0.05924786441028118,
        "rare_drift_mse": 0.04243100620806217,
        "rare_eig_nmse": 0.6843660175800323,
        "regime_acc": 0.0,
        "regime_bal_acc": 0.0,
        "risk_mse": 0.5023928582668304,
        "tail_f1": 0.5333333333333333
      },
      {
        "cov_mse": 0.051604727283120155,
        "drift_mse": 0.02507625287398696,
        "eig_nmse": 0.7059098482131958,
        "entropy_mse": 0.016736246179789305,