{
  "ablations": {
    "gate_off": {
      "cov_mse": 0.07041919231414795,
      "drift_mse": 0.00527854822576046,
      "eig_nmse": 0.528498113155365,
      "entropy_mse": 0.0216958187520504,
      "event_rate": 0.5,
      "gap_rmse": 0.6532830595970154,
      "gate_cal": 0.5,
      "gate_mean": 0.0,
      "lat_align": 0.012823100201785564,
      "proj_mse": 0.10532570630311966,
      "rank_mse": 2.971529960632324,
      "rare_cov_mse": 0.0759890079498291,
      "rare_drift_mse": 0.008565885946154594,
      "rare_eig_nmse": 0.5598926544189453,
      "regime_acc": 0.0,
      "regime_bal_acc": 0.0,
      "risk_mse": 0.2674218416213989,
      "tail_f1": 0.0
    },
    "memory_half": {
      "cov_mse": 0.07036877423524857,
      "drift_mse": 0.005360187962651253,
      "eig_nmse": 0.528395414352417,
      "entropy_mse": 0.021690478548407555,
      "event_rate": 0.5,
      "gap_rmse": 0.6534277200698853,
      "gate_cal": 0.502831220626831,
      "gate_mean": 0.5879818201065063,
      "lat_align": 0.012874105013906956,
      "proj_mse": 0.10539889335632324,
      "rank_mse": 2.971508741378784,
      "rare_cov_mse": 0.07594016194343567,
      "rare_drift_mse": 0.008684288710355759,
      "rare_eig_nmse": 0.5597984790802002,
      "regime_acc": 0.0,
      "regime_bal_acc": 0.0,
      "risk_mse": 0.2674769461154938,
      "tail_f1": 0.6666666666666666
    },
    "memory_off": {
      "cov_mse": 0.07042936235666275,
      "drift_mse": 0.00530489394441247,
      "eig_nmse": 0.5286287069320679,
      "entropy_mse": 0.02169501781463623,
      "event_rate": 0.5,
      "gap_rmse": 0.6535922288894653,
      "gate_cal": 0.504601776599884,
      "gate_mean": 0.590172290802002,
      "lat_align": 0.012811999768018723,
      "proj_mse": 0.10531049221754074,
      "rank_mse": 2.97170090675354,
      "rare_cov_mse": 0.07602663338184357,
      "rare_drift_mse": 0.008589157834649086,
      "rare_eig_nmse": 0.5594645142555237,
      "regime_acc": 0.0,
      "regime_bal_acc": 0.0,
      "risk_mse": 0.2674323618412018,
      "tail_f1": 0.6666666666666666
    }
  },
  "benchmark": {
    "persistence": {
      "cov_mse": 0.05491243302822113,
      "drift_mse": 0.650194525718689,
      "eig_nmse": 0.39904677867889404,
      "entropy_mse": 0.050429992377758026,
      "event_rate": 0.5,
      "gap_rmse": 0.4920158386230469,
      "gate_cal": 0.5071674585342407,
      "gate_mean": 0.4999995827674866,
      "proj_mse": 0.08156287670135498,
      "rank_mse": 0.26858264207839966,
      "regime_acc": 1.0,
      "regime_bal_acc": 1.0,
      "risk_mse": 0.015998611226677895,
      "tail_f1": 0.6666666666666666
    },
    "trend": {
      "cov_mse": 0.12232059985399246,
      "drift_mse": 0.01597771979868412,
      "eig_nmse": 0.5142939686775208,
      "entropy_mse": 0.021560639142990112,
      "event_rate": 0.5,
      "gap_rmse": 0.37647145986557007,
      "gate_cal": 0.5071674585342407,
      "gate_mean": 0.4999995827674866,
      "proj_mse": 0.0865795910358429,
      "rank_mse": 0.10786163806915283,
      "regime_acc": 1.0,
      "regime_bal_acc": 1.0,
      "risk_mse": 0.019107680767774582,
      "tail_f1": 0.6666666666666666
    }
  },
  "event_threshold": 0.3800433278083801,
  "history": [
    {
      "epoch": 1,
      "train_loss": 10.298690795898438,
      "val_cov_mse": 0.06456650793552399,
      "val_drift_mse": 0.010387414135038853,
      "val_eig_nmse": 0.5673547983169556,
      "val_gate_cal": 0.4540860652923584,
      "val_proj_mse": 0.10943888127803802,
      "val_regime_acc": 0.5,
      "val_tail_f1": 0.8571428571428571
    }
  ],
  "memory": {
    "mean_salience": 0.0,
    "size": 0.0
  },
  "robustness": {
    "memory": [
      {
        "cov_mse": 0.07043322920799255,
        "drift_mse": 0.0052971080876886845,
        "eig_nmse": 0.5288323760032654,
        "entropy_mse": 0.021671639755368233,
        "event_rate": 0.5,
        "gap_rmse": 0.6533703207969666,
        "gate_cal": 0.5031730532646179,
        "gate_mean": 0.5954864025115967,
        "lat_align": 0.012954535894095898,
        "memory_scale": 1.0,
        "proj_mse": 0.10527834296226501,
        "rank_mse": 2.9723305702209473,
        "rare_cov_mse": 0.0759936049580574,
        "rare_drift_mse": 0.00857914425432682,
        "rare_eig_nmse": 0.559930145740509,
        "regime_acc": 0.0,
        "regime_bal_acc": 0.0,
        "risk_mse": 0.26732325553894043,
        "tail_f1": 0.6666666666666666
      },
      {
        "cov_mse": 0.07046457380056381,
        "drift_mse": 0.005296919494867325,
        "eig_nmse": 0.5289134383201599,
        "entropy_mse": 0.021684888750314713,
        "event_rate": 0.5,
        "gap_rmse": 0.65360027551651,
        "gate_cal": 0.5022655725479126,
        "gate_mean": 0.5866950154304504,
        "lat_align": 0.012809623964130878,
        "memory_scale": 0.75,
        "proj_mse": 0.10524562746286392,
        "rank_mse": 2.971052646636963,
        "rare_cov_mse": 0.07600852102041245,
        "rare_drift_mse": 0.008624979294836521,
        "rare_eig_nmse": 0.5597910284996033,
        "regime_acc": 0.0,
        "regime_bal_acc": 0.0,
        "risk_mse": 0.2674660086631775,
        "tail_f1": 0.6666666666666666
      },
      {
        "cov_mse": 0.07047475129365921,
        "drift_mse": 0.005264631472527981,
        "eig_nmse": 0.5288381576538086,
        "entropy_mse": 0.02168028987944126,
        "event_rate": 0.5,
        "gap_rmse": 0.6536999344825745,
        "gate_cal": 0.5023335218429565,
        "gate_mean": 0.5858318209648132,
        "lat_align": 0.012778709642589092,
        "memory_scale": 0.5,
        "proj_mse": 0.10530660301446915,
        "rank_mse": 2.9709343910217285,
        "rare_cov_mse": 0.07602883875370026,
        "rare_drift_mse": 0.008559281006455421,
        "rare_eig_nmse": 0.5597241520881653,
        "regime_acc": 0.0,
        "regime_bal_acc": 0.0,
        "risk_mse": 0.2675054967403412,
        "tail_f1": 0.6666666666666666
      },
      {
        "cov_mse": 0.07045206427574158,
        "drift_mse": 0.005253378301858902,
        "eig_nmse": 0.5288143157958984,
        "entropy_mse": 0.02167491614818573,
        "event_rate": 0.5,
        "gap_rmse": 0.6536110639572144,
        "gate_cal": 0.5023961067199707,
        "gate_mean": 0.5885278582572937,
        "lat_align": 0.012834818102419376,
        "memory_scale": 0.0,
        "proj_mse": 0.10531389713287354,
        "rank_mse": 2.97121000289917,
        "rare_cov_mse": 0.07605287432670593,
        "rare_drift_mse": 0.008493606001138687,
        "rare_eig_nmse": 0.5602383613586426,
        "regime_acc": 0.0,
        "regime_bal_acc": 0.0,
        "risk_mse": 0.26744207739830017,
        "tail_f1": 0.6666666666666666
      }
    ],
    "noise": [
      {
        "cov_mse": 0.07045745104551315,
        "drift_mse": 0.00525641581043601,
        "eig_nmse": 0.5290809869766235,
        "entropy_mse": 0.0217161662876606,
        "event_rate": 0.5,
        "gap_rmse": 0.6536584496498108,
        "gate_cal": 0.503818154335022,
        "gate_mean": 0.5888332724571228,
        "lat_align": 0.012888864614069462,
        "noise_std": 0.0,
        "proj_mse": 0.10527897626161575,
        "rank_mse": 2.972203016281128,
        "rare_cov_mse": 0.07606086879968643,
        "rare_drift_mse": 0.008491468615829945,
        "rare_eig_nmse": 0.5602350831031799,
        "regime_acc": 0.0,
        "regime_bal_acc": 0.0,
        "risk_mse": 0.2674071788787842,
        "tail_f1": 0.6666666666666666
      },
      {
        "cov_mse": 0.07043846696615219,
        "drift_mse": 0.005273239687085152,
        "eig_nmse": 0.5284606218338013,
        "entropy_mse": 0.021701013669371605,
        "event_rate": 0.5,
        "gap_rmse": 0.6536101698875427,
        "gate_cal": 0.5013666749000549,
        "gate_mean": 0.5847273468971252,
        "lat_align": 0.012726438231766224,
        "noise_std": 0.03,
        "proj_mse": 0.10536736994981766,
        "rank_mse": 2.9706220626831055,
        "rare_cov_mse": 0.07603857666254044,