{
  "ablations": {
    "gate_off": {
      "cov_mse": 0.05148477852344513,
      "drift_mse": 0.024731137789785862,
      "eig_nmse": 0.7063829600811005,
      "entropy_mse": 0.016686631832271814,
      "event_rate": 0.375,
      "gap_rmse": 0.6050406694412231,
      "gate_cal": 0.375,
      "gate_mean": 0.0,
      "lat_align": 0.004595297388732433,
      "proj_mse": 0.11045337468385696,
      "rank_mse": 1.8850364089012146,
      "rare_cov_mse": 0.059057747945189476,
      "rare_drift_mse": 0.04188944585621357,
      "rare_eig_nmse": 0.6847554445266724,
      "regime_acc": 0.0,
      "regime_bal_acc": 0.0,
      "risk_mse": 0.5011647045612335,
      "tail_f1": 0.0
    },
    "memory_half": {
      "cov_mse": 0.05146650969982147,
      "drift_mse": 0.02487825322896242,
      "eig_nmse": 0.7061230540275574,
      "entropy_mse": 0.016714359167963266,
      "event_rate": 0.375,
      "gap_rmse": 0.6048535108566284,
      "gate_cal": 0.48652876913547516,
      "gate_mean": 0.44881173968315125,
      "lat_align": 0.004680518992245197,
      "proj_mse": 0.110406793653965,
      "rank_mse": 1.8837537169456482,
      "rare_cov_mse": 0.05906176567077637,
      "rare_drift_mse": 0.04210576135665178,
      "rare_eig_nmse": 0.6846269369125366,
      "regime_acc": 0.0,
      "regime_bal_acc": 0.0,
      "risk_mse": 0.5019406080245972,
      "tail_f1": 0.5
    },
    "memory_off": {
      "cov_mse": 0.051516128703951836,
      "drift_mse": 0.02474256604909897,
      "eig_nmse": 0.7063881158828735,
      "entropy_mse": 0.016675176564604044,
      "event_rate": 0.375,
      "gap_rmse": 0.6050387918949127,
      "gate_cal": 0.4873819947242737,
      "gate_mean": 0.4479677081108093,
      "lat_align": 0.004569301847368479,
      "proj_mse": 0.11048272624611855,
      "rank_mse": 1.8853293061256409,
      "rare_cov_mse": 0.05909661017358303,
      "rare_drift_mse": 0.04187990911304951,
      "rare_eig_nmse": 0.6848243772983551,
      "regime_acc": 0.0,
      "regime_bal_acc": 0.0,
      "risk_mse": 0.5010727941989899,
      "tail_f1": 0.0
    }
  },
  "benchmark": {
    "persistence": {
      "cov_mse": 0.023607862492402393,
      "drift_mse": 0.532450000445048,
      "eig_nmse": 0.2298539529244105,
      "entropy_mse": 0.0744099219640096,
      "event_rate": 0.3333333333333333,
      "gap_rmse": 0.3616838256518046,
      "gate_cal": 0.4950338502724965,
      "gate_mean": 0.5000035266081492,
      "proj_mse": 0.07499835143486659,
      "rank_mse": 0.36639795700709027,
      "regime_acc": 1.0,
      "regime_bal_acc": 1.0,
      "risk_mse": 0.04084595789511999,
      "tail_f1": 0.48888888888888893
    },
    "trend": {
      "cov_mse": 0.057238154113292694,
      "drift_mse": 0.009576992442210516,
      "eig_nmse": 0.5532468557357788,
      "entropy_mse": 0.12621347606182098,
      "event_rate": 0.3333333333333333,
      "gap_rmse": 0.6679407954216003,
      "gate_cal": 0.4950338502724965,
      "gate_mean": 0.5000035266081492,
      "proj_mse": 0.07826248556375504,
      "rank_mse": 0.4938314159711202,
      "regime_acc": 1.0,
      "regime_bal_acc": 1.0,
      "risk_mse": 0.07976730540394783,
      "tail_f1": 0.48888888888888893
    }
  },
  "event_threshold": 0.39363721013069153,
  "history": [
    {
      "epoch": 1,
      "train_loss": 12.490529632568359,
      "val_cov_mse": 0.040012843906879425,
      "val_drift_mse": 0.019496959634125233,
      "val_eig_nmse": 1.2797569036483765,
      "val_gate_cal": 0.4769292622804642,
      "val_proj_mse": 0.08748409524559975,
      "val_regime_acc": 0.0,
      "val_tail_f1": 0.3333333333333333
    },
    {
      "epoch": 2,
      "train_loss": 11.658636665344238,
      "val_cov_mse": 0.03718206286430359,
      "val_drift_mse": 0.01862089359201491,
      "val_eig_nmse": 1.2705580592155457,
      "val_gate_cal": 0.4719689339399338,
      "val_proj_mse": 0.08151243254542351,
      "val_regime_acc": 0.0,
      "val_tail_f1": 0.0
    }
  ],
  "memory": {
    "mean_salience": 0.7756942510604858,
    "size": 2.0
  },
  "robustness": {
    "memory": [
      {
        "cov_mse": 0.05165055766701698,
        "drift_mse": 0.025075646117329597,
        "eig_nmse": 0.705814927816391,
        "entropy_mse": 0.016715771984308958,
        "event_rate": 0.375,
        "gap_rmse": 0.6046570837497711,
        "gate_cal": 0.4872426986694336,
        "gate_mean": 0.4471006989479065,
        "lat_align": 0.004781781928613782,
        "memory_scale": 1.0,
        "proj_mse": 0.11063365638256073,
        "rank_mse": 1.8826864361763,
        "rare_cov_mse": 0.05916533246636391,
        "rare_drift_mse": 0.04245055839419365,
        "rare_eig_nmse": 0.6841249465942383,
        "regime_acc": 0.0,
        "regime_bal_acc": 0.0,
        "risk_mse": 0.5024822652339935,
        "tail_f1": 0.0
      },
      {
        "cov_mse": 0.05153358913958073,
        "drift_mse": 0.02498024608939886,
        "eig_nmse": 0.7059823274612427,
        "entropy_mse": 0.016711875796318054,
        "event_rate": 0.375,
        "gap_rmse": 0.6047651469707489,
        "gate_cal": 0.4871668964624405,
        "gate_mean": 0.4491084814071655,
        "lat_align": 0.004744058474898338,
        "memory_scale": 0.75,
        "proj_mse": 0.11045929417014122,
        "rank_mse": 1.8830890655517578,
        "rare_cov_mse": 0.059120211750268936,
        "rare_drift_mse": 0.04230263363569975,
        "rare_eig_nmse": 0.6843786537647247,
        "regime_acc": 0.0,
        "regime_bal_acc": 0.0,
        "risk_mse": 0.5022432804107666,
        "tail_f1": 0.5
      },
      {
        "cov_mse": 0.05160877667367458,
        "drift_mse": 0.024902163073420525,
        "eig_nmse": 0.7061508297920227,
        "entropy_mse": 0.016700119711458683,
        "event_rate": 0.375,
        "gap_rmse": 0.6048489511013031,
        "gate_cal": 0.48767924308776855,
        "gate_mean": 0.44877976179122925,
        "lat_align": 0.004601635737344623,
        "memory_scale": 0.5,
        "proj_mse": 0.11060323938727379,
        "rank_mse": 1.8837111592292786,
        "rare_cov_mse": 0.05913068540394306,
        "rare_drift_mse": 0.0421599168330431,
        "rare_eig_nmse": 0.6844907701015472,
        "regime_acc": 0.0,
        "regime_bal_acc": 0.0,
        "risk_mse": 0.5018496215343475,
        "tail_f1": 0.25
      },
      {
        "cov_mse": 0.051499633118510246,
        "drift_mse": 0.02473604492843151,
        "eig_nmse": 0.7064474523067474,
        "entropy_mse": 0.016686146147549152,
        "event_rate": 0.375,
        "gap_rmse": 0.6050316095352173,
        "gate_cal": 0.48826733231544495,
        "gate_mean": 0.4491889178752899,
        "lat_align": 0.004562791669741273,
        "memory_scale": 0.0,
        "proj_mse": 0.11045382544398308,
        "rank_mse": 1.8850704431533813,
        "rare_cov_mse": 0.05905609019100666,
        "rare_drift_mse": 0.04188878554850817,
        "rare_eig_nmse": 0.6848280429840088,
        "regime_acc": 0.0,
        "regime_bal_acc": 0.0,
        "risk_mse": 0.5011149197816849,
        "tail_f1": 0.0
      }
    ],
    "noise": [
      {
        "cov_mse": 0.05155274644494057,
        "drift_mse": 0.02505475841462612,
        "eig_nmse": 0.7058328092098236,
        "entropy_mse": 0.016711839474737644,
        "event_rate": 0.375,
        "gap_rmse": 0.604663610458374,
        "gate_cal": 0.48726916313171387,
        "gate_mean": 0.45048460364341736,
        "lat_align": 0.004857688909396529,
        "noise_std": 0.0,
        "proj_mse": 0.11051519960165024,
        "rank_mse": 1.8824685215950012,
        "rare_cov_mse": 0.059152478352189064,
        "rare_drift_mse": 0.04241603892296553,
        "rare_eig_nmse": 0.684226781129837,
        "regime_acc": 0.0,
        "regime_bal_acc": 0.0,
        "risk_mse": 0.5025762617588043,
        "tail_f1": 0.6666666666666666
      },
      {
        "cov_mse": 0.05155643820762634,
        "drift_mse": 0.02506751660257578,
        "eig_nmse": 0.7058051228523254,
        "entropy_mse": 0.016733734868466854,