{
  "ablations": {
    "gate_off": {
      "cov_mse": 0.051483700051903725,
      "drift_mse": 0.024731541518121958,
      "eig_nmse": 0.7063611149787903,
      "entropy_mse": 0.016685983631759882,
      "event_rate": 0.375,
      "gap_rmse": 0.6050351560115814,
      "gate_cal": 0.375,
      "gate_mean": 0.0,
      "lat_align": 0.004594725323840976,
      "proj_mse": 0.11045445874333382,
      "rank_mse": 1.88506281375885,
      "rare_cov_mse": 0.05905556306242943,
      "rare_drift_mse": 0.041890108957886696,
      "rare_eig_nmse": 0.6847358644008636,
      "regime_acc": 0.0,
      "regime_bal_acc": 0.0,
      "risk_mse": 0.5011715590953827,
      "tail_f1": 0.0
    },
    "memory_half": {
      "cov_mse": 0.05146544612944126,
      "drift_mse": 0.02487850096076727,
      "eig_nmse": 0.706100195646286,
      "entropy_mse": 0.016713740304112434,
      "event_rate": 0.375,
      "gap_rmse": 0.6048474013805389,
      "gate_cal": 0.48653143644332886,
      "gate_mean": 0.4488075226545334,
      "lat_align": 0.004679936915636063,
      "proj_mse": 0.11040769144892693,
      "rank_mse": 1.8837788105010986,
      "rare_cov_mse": 0.05905970185995102,
      "rare_drift_mse": 0.04210610035806894,
      "rare_eig_nmse": 0.6846066415309906,
      "regime_acc": 0.0,
      "regime_bal_acc": 0.0,
      "risk_mse": 0.5019491314888,
      "tail_f1": 0.5
    },
    "memory_off": {
      "cov_mse": 0.05151500925421715,
      "drift_mse": 0.024742926005274057,
      "eig_nmse": 0.7063665091991425,
      "entropy_mse": 0.016674489248543978,
      "event_rate": 0.375,
      "gap_rmse": 0.6050336360931396,
      "gate_cal": 0.48738352954387665,
      "gate_mean": 0.447975218296051,
      "lat_align": 0.0045689428225159645,
      "proj_mse": 0.11048362404108047,
      "rank_mse": 1.8853576183319092,
      "rare_cov_mse": 0.059094393625855446,
      "rare_drift_mse": 0.04188049957156181,
      "rare_eig_nmse": 0.6848052442073822,
      "regime_acc": 0.0,
      "regime_bal_acc": 0.0,
      "risk_mse": 0.5010801255702972,
      "tail_f1": 0.0
    }
  },
  "benchmark": {
    "persistence": {
      "cov_mse": 0.023607862492402393,
      "drift_mse": 0.532450000445048,
      "eig_nmse": 0.2298539529244105,
      "entropy_mse": 0.0744099219640096,
      "event_rate": 0.3333333333333333,
      "gap_rmse": 0.3616838256518046,
      "gate_cal": 0.4950338502724965,
      "gate_mean": 0.5000035266081492,
      "proj_mse": 0.07499835143486659,
      "rank_mse": 0.36639795700709027,
      "regime_acc": 1.0,
      "regime_bal_acc": 1.0,
      "risk_mse": 0.04084595789511999,
      "tail_f1": 0.48888888888888893
    },
    "trend": {
      "cov_mse": 0.057238154113292694,
      "drift_mse": 0.009576992442210516,
      "eig_nmse": 0.5532468557357788,
      "entropy_mse": 0.12621347606182098,
      "event_rate": 0.3333333333333333,
      "gap_rmse": 0.6679407954216003,
      "gate_cal": 0.4950338502724965,
      "gate_mean": 0.5000035266081492,
      "proj_mse": 0.07826248556375504,
      "rank_mse": 0.4938314159711202,
      "regime_acc": 1.0,
      "regime_bal_acc": 1.0,
      "risk_mse": 0.07976730540394783,
      "tail_f1": 0.48888888888888893
    }
  },
  "event_threshold": 0.39363721013069153,
  "history": [
    {
      "epoch": 1,
      "train_loss": 11.666902923583985,
      "val_cov_mse": 0.04001220501959324,
      "val_drift_mse": 0.019497272558510303,
      "val_eig_nmse": 1.2797001004219055,
      "val_gate_cal": 0.4769027531147003,
      "val_proj_mse": 0.08748501166701317,
      "val_regime_acc": 0.0,
      "val_tail_f1": 0.3333333333333333
    },
    {
      "epoch": 2,
      "train_loss": 10.830644035339356,
      "val_cov_mse": 0.0371804554015398,
      "val_drift_mse": 0.018620872404426336,
      "val_eig_nmse": 1.270492434501648,
      "val_gate_cal": 0.4719632714986801,
      "val_proj_mse": 0.08151194453239441,
      "val_regime_acc": 0.0,
      "val_tail_f1": 0.0
    }
  ],
  "memory": {
    "mean_salience": 0.7756942510604858,
    "size": 2.0
  },
  "robustness": {
    "memory": [
      {
        "cov_mse": 0.05164944939315319,
        "drift_mse": 0.025075790472328663,
        "eig_nmse": 0.7057918906211853,
        "entropy_mse": 0.016715090721845627,
        "event_rate": 0.375,
        "gap_rmse": 0.6046513319015503,
        "gate_cal": 0.48725372552871704,
        "gate_mean": 0.44712938368320465,
        "lat_align": 0.004781609866768122,
        "memory_scale": 1.0,
        "proj_mse": 0.11063426733016968,
        "rank_mse": 1.8827128410339355,
        "rare_cov_mse": 0.059163281694054604,
        "rare_drift_mse": 0.04245082754641771,
        "rare_eig_nmse": 0.6841042339801788,
        "regime_acc": 0.0,
        "regime_bal_acc": 0.0,
        "risk_mse": 0.5024932771921158,
        "tail_f1": 0.0
      },
      {
        "cov_mse": 0.05153244733810425,
        "drift_mse": 0.0249804500490427,
        "eig_nmse": 0.7059594392776489,
        "entropy_mse": 0.01671122992411256,
        "event_rate": 0.375,
        "gap_rmse": 0.6047593057155609,
        "gate_cal": 0.48715583980083466,
        "gate_mean": 0.44910959899425507,
        "lat_align": 0.004743609810248017,
        "memory_scale": 0.75,
        "proj_mse": 0.11045980453491211,
        "rank_mse": 1.883114993572235,
        "rare_cov_mse": 0.05911795608699322,
        "rare_drift_mse": 0.04230301734060049,
        "rare_eig_nmse": 0.6843580901622772,
        "regime_acc": 0.0,
        "regime_bal_acc": 0.0,
        "risk_mse": 0.5022526681423187,
        "tail_f1": 0.5
      },
      {
        "cov_mse": 0.05160760134458542,
        "drift_mse": 0.02490242850035429,
        "eig_nmse": 0.7061281204223633,
        "entropy_mse": 0.016699444968253374,
        "event_rate": 0.375,
        "gap_rmse": 0.6048433184623718,
        "gate_cal": 0.48767654597759247,
        "gate_mean": 0.4487922638654709,
        "lat_align": 0.0046013351529836655,
        "memory_scale": 0.5,
        "proj_mse": 0.11060385778546333,
        "rank_mse": 1.883737564086914,
        "rare_cov_mse": 0.05912824533879757,
        "rare_drift_mse": 0.04216040577739477,
        "rare_eig_nmse": 0.6844702363014221,
        "regime_acc": 0.0,
        "regime_bal_acc": 0.0,
        "risk_mse": 0.501858115196228,
        "tail_f1": 0.25
      },
      {
        "cov_mse": 0.051498543471097946,
        "drift_mse": 0.02473638067021966,
        "eig_nmse": 0.7064259052276611,
        "entropy_mse": 0.016685516573488712,
        "event_rate": 0.375,
        "gap_rmse": 0.6050262749195099,
        "gate_cal": 0.48826147615909576,
        "gate_mean": 0.4491872489452362,
        "lat_align": 0.0045623197220265865,
        "memory_scale": 0.0,
        "proj_mse": 0.11045467481017113,
        "rank_mse": 1.8850966095924377,
        "rare_cov_mse": 0.059053875505924225,
        "rare_drift_mse": 0.04188936948776245,
        "rare_eig_nmse": 0.6848088502883911,
        "regime_acc": 0.0,
        "regime_bal_acc": 0.0,
        "risk_mse": 0.5011217594146729,
        "tail_f1": 0.0
      }
    ],
    "noise": [
      {
        "cov_mse": 0.05155171453952789,
        "drift_mse": 0.025054938159883022,
        "eig_nmse": 0.7058092355728149,
        "entropy_mse": 0.016711131669580936,
        "event_rate": 0.375,
        "gap_rmse": 0.6046574115753174,
        "gate_cal": 0.48727473616600037,
        "gate_mean": 0.45049014687538147,
        "lat_align": 0.004857294028624892,
        "noise_std": 0.0,
        "proj_mse": 0.11051596328616142,
        "rank_mse": 1.8824945092201233,
        "rare_cov_mse": 0.05915040895342827,
        "rare_drift_mse": 0.04241636861115694,
        "rare_eig_nmse": 0.6842053532600403,
        "regime_acc": 0.0,
        "regime_bal_acc": 0.0,
        "risk_mse": 0.5025868117809296,
        "tail_f1": 0.6666666666666666
      },
      {
        "cov_mse": 0.05155540071427822,
        "drift_mse": 0.025067654438316822,
        "eig_nmse": 0.7057819664478302,
        "entropy_mse": 0.016733053606003523,