{
  "ablations": {
    "gate_off": {
      "cov_mse": 0.07048661261796951,
      "drift_mse": 0.005276406183838844,
      "eig_nmse": 0.5289151072502136,
      "entropy_mse": 0.02171015739440918,
      "event_rate": 0.5,
      "gap_rmse": 0.6534942388534546,
      "gate_cal": 0.5,
      "gate_mean": 0.0,
      "lat_align": 0.012880641967058182,
      "proj_mse": 0.10544580221176147,
      "rank_mse": 2.9722466468811035,
      "rare_cov_mse": 0.07605525851249695,
      "rare_drift_mse": 0.008565389551222324,
      "rare_eig_nmse": 0.5603176355361938,
      "regime_acc": 0.0,
      "regime_bal_acc": 0.0,
      "risk_mse": 0.2675764560699463,
      "tail_f1": 0.0
    },
    "memory_half": {
      "cov_mse": 0.07003846019506454,
      "drift_mse": 0.005404673982411623,
      "eig_nmse": 0.5282452702522278,
      "entropy_mse": 0.021663786843419075,
      "event_rate": 0.5,
      "gap_rmse": 0.6534782648086548,
      "gate_cal": 0.5027121305465698,
      "gate_mean": 0.571991503238678,
      "lat_align": 0.013049286790192127,
      "proj_mse": 0.10548251122236252,
      "rank_mse": 2.9709718227386475,
      "rare_cov_mse": 0.07553258538246155,
      "rare_drift_mse": 0.008693933486938477,
      "rare_eig_nmse": 0.5597234964370728,
      "regime_acc": 0.0,
      "regime_bal_acc": 0.0,
      "risk_mse": 0.26939260959625244,
      "tail_f1": 0.6666666666666666
    },
    "memory_off": {
      "cov_mse": 0.07049928605556488,
      "drift_mse": 0.005302526522427797,
      "eig_nmse": 0.5290588140487671,
      "entropy_mse": 0.02171025425195694,
      "event_rate": 0.5,
      "gap_rmse": 0.6538065671920776,
      "gate_cal": 0.5038772821426392,
      "gate_mean": 0.5740221738815308,
      "lat_align": 0.012871302664279938,
      "proj_mse": 0.10543258488178253,
      "rank_mse": 2.972409725189209,
      "rare_cov_mse": 0.07609869539737701,
      "rare_drift_mse": 0.008588537573814392,
      "rare_eig_nmse": 0.5599299669265747,
      "regime_acc": 0.0,
      "regime_bal_acc": 0.0,
      "risk_mse": 0.26758915185928345,
      "tail_f1": 0.6666666666666666
    }
  },
  "benchmark": {
    "persistence": {
      "cov_mse": 0.05491243302822113,
      "drift_mse": 0.650194525718689,
      "eig_nmse": 0.39904677867889404,
      "entropy_mse": 0.050429992377758026,
      "event_rate": 0.5,
      "gap_rmse": 0.4920158386230469,
      "gate_cal": 0.5071674585342407,
      "gate_mean": 0.4999995827674866,
      "proj_mse": 0.08156287670135498,
      "rank_mse": 0.26858264207839966,
      "regime_acc": 1.0,
      "regime_bal_acc": 1.0,
      "risk_mse": 0.015998611226677895,
      "tail_f1": 0.6666666666666666
    },
    "trend": {
      "cov_mse": 0.12232059985399246,
      "drift_mse": 0.01597771979868412,
      "eig_nmse": 0.5142939686775208,
      "entropy_mse": 0.021560639142990112,
      "event_rate": 0.5,
      "gap_rmse": 0.37647145986557007,
      "gate_cal": 0.5071674585342407,
      "gate_mean": 0.4999995827674866,
      "proj_mse": 0.0865795910358429,
      "rank_mse": 0.10786163806915283,
      "regime_acc": 1.0,
      "regime_bal_acc": 1.0,
      "risk_mse": 0.019107680767774582,
      "tail_f1": 0.6666666666666666
    }
  },
  "event_threshold": 0.3800433278083801,
  "history": [
    {
      "epoch": 1,
      "train_loss": 9.496739864349365,
      "val_cov_mse": 0.06488247215747833,
      "val_drift_mse": 0.01021573506295681,
      "val_eig_nmse": 0.5663232207298279,
      "val_gate_cal": 0.46224159002304077,
      "val_proj_mse": 0.10970451682806015,
      "val_regime_acc": 0.5,
      "val_tail_f1": 0.8571428571428571
    }
  ],
  "memory": {
    "mean_salience": 0.5107734203338623,
    "size": 2.0
  },
  "robustness": {
    "memory": [
      {
        "cov_mse": 0.06968871504068375,
        "drift_mse": 0.005396745167672634,
        "eig_nmse": 0.5280551910400391,
        "entropy_mse": 0.021609820425510406,
        "event_rate": 0.5,
        "gap_rmse": 0.6532490849494934,
        "gate_cal": 0.5030568838119507,
        "gate_mean": 0.5786601305007935,
        "lat_align": 0.013652962632477283,
        "memory_scale": 1.0,
        "proj_mse": 0.1053101196885109,
        "rank_mse": 2.970573902130127,
        "rare_cov_mse": 0.0750890001654625,
        "rare_drift_mse": 0.008607492782175541,
        "rare_eig_nmse": 0.5592685341835022,
        "regime_acc": 0.0,
        "regime_bal_acc": 0.0,
        "risk_mse": 0.27103790640830994,
        "tail_f1": 0.6666666666666666
      },
      {
        "cov_mse": 0.06994238495826721,
        "drift_mse": 0.005365216173231602,
        "eig_nmse": 0.5284969210624695,
        "entropy_mse": 0.021646905690431595,
        "event_rate": 0.5,
        "gap_rmse": 0.6536114811897278,
        "gate_cal": 0.5020767450332642,
        "gate_mean": 0.5708452463150024,
        "lat_align": 0.013173784129321575,
        "memory_scale": 0.75,
        "proj_mse": 0.10531394928693771,
        "rank_mse": 2.969949722290039,
        "rare_cov_mse": 0.07537248730659485,
        "rare_drift_mse": 0.008639493025839329,
        "rare_eig_nmse": 0.5594906806945801,
        "regime_acc": 0.0,
        "regime_bal_acc": 0.0,
        "risk_mse": 0.27028512954711914,
        "tail_f1": 0.6666666666666666
      },
      {
        "cov_mse": 0.07015130668878555,
        "drift_mse": 0.005309131927788258,
        "eig_nmse": 0.5287096500396729,
        "entropy_mse": 0.02165975421667099,
        "event_rate": 0.5,
        "gap_rmse": 0.6537872552871704,
        "gate_cal": 0.5018855929374695,
        "gate_mean": 0.570141613483429,
        "lat_align": 0.012940861284732819,
        "memory_scale": 0.5,
        "proj_mse": 0.10539596527814865,
        "rank_mse": 2.9704413414001465,
        "rare_cov_mse": 0.07563105970621109,
        "rare_drift_mse": 0.008569329977035522,
        "rare_eig_nmse": 0.5596840977668762,
        "regime_acc": 0.0,
        "regime_bal_acc": 0.0,
        "risk_mse": 0.26943257451057434,
        "tail_f1": 0.6666666666666666
      },
      {
        "cov_mse": 0.07052205502986908,
        "drift_mse": 0.005252349190413952,
        "eig_nmse": 0.5292445421218872,
        "entropy_mse": 0.021689997985959053,
        "event_rate": 0.5,
        "gap_rmse": 0.6538254618644714,
        "gate_cal": 0.5023378133773804,
        "gate_mean": 0.5725630521774292,
        "lat_align": 0.01290751900523901,
        "memory_scale": 0.0,
        "proj_mse": 0.10543566942214966,
        "rank_mse": 2.971940517425537,
        "rare_cov_mse": 0.07612285017967224,
        "rare_drift_mse": 0.008494877256453037,
        "rare_eig_nmse": 0.5606827735900879,
        "regime_acc": 0.0,
        "regime_bal_acc": 0.0,
        "risk_mse": 0.2675999701023102,
        "tail_f1": 0.6666666666666666
      }
    ],
    "noise": [
      {
        "cov_mse": 0.06972981244325638,
        "drift_mse": 0.005352812819182873,
        "eig_nmse": 0.528339147567749,
        "entropy_mse": 0.02165958099067211,
        "event_rate": 0.5,
        "gap_rmse": 0.6535686254501343,
        "gate_cal": 0.5033464431762695,
        "gate_mean": 0.5724445581436157,
        "lat_align": 0.01357106864452362,
        "noise_std": 0.0,
        "proj_mse": 0.10531710088253021,
        "rank_mse": 2.9704694747924805,
        "rare_cov_mse": 0.0751812756061554,
        "rare_drift_mse": 0.008515610359609127,
        "rare_eig_nmse": 0.5596302151679993,
        "regime_acc": 0.0,
        "regime_bal_acc": 0.0,
        "risk_mse": 0.2710949182510376,
        "tail_f1": 0.6666666666666666
      },
      {
        "cov_mse": 0.06972388178110123,
        "drift_mse": 0.005366967990994453,
        "eig_nmse": 0.5277618765830994,
        "entropy_mse": 0.021635521203279495,
        "event_rate": 0.5,
        "gap_rmse": 0.6535459160804749,
        "gate_cal": 0.501254141330719,
        "gate_mean": 0.5692447423934937,
        "lat_align": 0.013440094888210297,
        "noise_std": 0.03,
        "proj_mse": 0.105431467294693,
        "rank_mse": 2.968909502029419,