{
  "drift_mse": 0.020976312458515167,
  "eig_nmse": 0.1855066418647766,
  "event_rate": 0.75,
  "gap_rmse": 0.6899513006210327,
  "gate_cal": 0.4478572607040405,
  "gate_mean": 0.5916283130645752,
  "lat_align": 0.0013656235532835126,
  "proj_mse": 0.02678898349404335,
  "rare_drift_mse": 0.015421886928379536,
  "rare_eig_nmse": 0.20935525000095367,
  "regime_acc": 1.0,
  "regime_bal_acc": 1.0,
  "tail_f1": 0.8571428571428571
}