{
  "ablations": {
    "gate_off": {
      "cov_mse": 0.24729745090007782,
      "drift_mse": 0.03967275843024254,
      "eig_nmse": 0.6417518854141235,
      "entropy_mse": 0.002580779604613781,
      "event_rate": 0.0,
      "gap_rmse": 1.5250473022460938,
      "gate_cal": 0.0,
      "gate_mean": 0.0,
      "lat_align": 0.011576737277209759,
      "proj_mse": 0.10490678250789642,
      "rank_mse": 2.3260464668273926,
      "rare_cov_mse": NaN,
      "rare_drift_mse": NaN,
      "rare_eig_nmse": NaN,
      "regime_acc": 1.0,
      "regime_bal_acc": 1.0,
      "risk_mse": 0.41501080989837646,
      "tail_f1": 0.0
    },
    "memory_half": {
      "cov_mse": 0.24738025665283203,
      "drift_mse": 0.039726488292217255,
      "eig_nmse": 0.6418219804763794,
      "entropy_mse": 0.002629921305924654,
      "event_rate": 0.0,
      "gap_rmse": 1.5252338647842407,
      "gate_cal": 0.5660587549209595,
      "gate_mean": 0.5660587549209595,
      "lat_align": 0.011574521660804749,
      "proj_mse": 0.10491358488798141,
      "rank_mse": 2.3254618644714355,
      "rare_cov_mse": NaN,
      "rare_drift_mse": NaN,
      "rare_eig_nmse": NaN,
      "regime_acc": 1.0,
      "regime_bal_acc": 1.0,
      "risk_mse": 0.41525766253471375,
      "tail_f1": 0.0
    },
    "memory_off": {
      "cov_mse": 0.24742576479911804,
      "drift_mse": 0.03969523310661316,
      "eig_nmse": 0.6417829990386963,
      "entropy_mse": 0.0026433842722326517,
      "event_rate": 0.0,
      "gap_rmse": 1.525168776512146,
      "gate_cal": 0.5606667399406433,
      "gate_mean": 0.5606667399406433,
      "lat_align": 0.011540811508893967,
      "proj_mse": 0.10492603480815887,
      "rank_mse": 2.3259212970733643,
      "rare_cov_mse": NaN,
      "rare_drift_mse": NaN,
      "rare_eig_nmse": NaN,
      "regime_acc": 1.0,
      "regime_bal_acc": 1.0,
      "risk_mse": 0.41476404666900635,
      "tail_f1": 0.0
    }
  },
  "benchmark": {
    "persistence": {
      "cov_mse": 5.766563892364502,
      "drift_mse": 0.6553667783737183,
      "eig_nmse": 12.38183307647705,
      "entropy_mse": 0.0275815948843956,
      "event_rate": 0.0,
      "gap_rmse": 7.486934661865234,
      "gate_cal": 0.4999971389770508,
      "gate_mean": 0.4999971389770508,
      "proj_mse": 0.08945279568433762,
      "rank_mse": 0.1044510006904602,
      "regime_acc": 1.0,
      "regime_bal_acc": 1.0,
      "risk_mse": 0.27155810594558716,
      "tail_f1": 0.0
    },
    "trend": {
      "cov_mse": 0.3909706473350525,
      "drift_mse": 0.030679062008857727,
      "eig_nmse": 0.7432565689086914,
      "entropy_mse": 0.28867191076278687,
      "event_rate": 0.0,
      "gap_rmse": 1.4860788583755493,
      "gate_cal": 0.4999971389770508,
      "gate_mean": 0.4999971389770508,
      "proj_mse": 0.08402350544929504,
      "rank_mse": 0.6607711911201477,
      "regime_acc": 0.0,
      "regime_bal_acc": 0.0,
      "risk_mse": 0.1055024117231369,
      "tail_f1": 0.0
    }
  },
  "event_threshold": 0.4763812720775604,
  "history": [
    {
      "epoch": 1,
      "train_loss": 407.1078987121582,
      "val_cov_mse": 0.11949361860752106,
      "val_drift_mse": 0.10393059253692627,
      "val_eig_nmse": 0.4576300084590912,
      "val_gate_cal": 0.5669881105422974,
      "val_proj_mse": 0.1151566207408905,
      "val_regime_acc": 1.0,
      "val_tail_f1": 0.0
    }
  ],
  "memory": {
    "mean_salience": 0.0,
    "size": 0.0
  },
  "robustness": {
    "memory": [
      {
        "cov_mse": 0.24718308448791504,
        "drift_mse": 0.03966508433222771,
        "eig_nmse": 0.6418042778968811,
        "entropy_mse": 0.0025939419865608215,
        "event_rate": 0.0,
        "gap_rmse": 1.5252207517623901,
        "gate_cal": 0.5644213557243347,
        "gate_mean": 0.5644213557243347,
        "lat_align": 0.011442975141108036,
        "memory_scale": 1.0,
        "proj_mse": 0.10489889979362488,
        "rank_mse": 2.325385808944702,
        "rare_cov_mse": NaN,
        "rare_drift_mse": NaN,
        "rare_eig_nmse": NaN,
        "regime_acc": 1.0,
        "regime_bal_acc": 1.0,
        "risk_mse": 0.4144410192966461,
        "tail_f1": 0.0
      },
      {
        "cov_mse": 0.24750004708766937,
        "drift_mse": 0.039687175303697586,
        "eig_nmse": 0.6418163180351257,
        "entropy_mse": 0.0026357783935964108,
        "event_rate": 0.0,
        "gap_rmse": 1.5251951217651367,
        "gate_cal": 0.5642038583755493,
        "gate_mean": 0.5642038583755493,
        "lat_align": 0.011491543613374233,
        "memory_scale": 0.75,
        "proj_mse": 0.10507260262966156,
        "rank_mse": 2.3255889415740967,
        "rare_cov_mse": NaN,
        "rare_drift_mse": NaN,
        "rare_eig_nmse": NaN,
        "regime_acc": 1.0,
        "regime_bal_acc": 1.0,
        "risk_mse": 0.4145497679710388,
        "tail_f1": 0.0
      },
      {
        "cov_mse": 0.24736469984054565,
        "drift_mse": 0.03963301330804825,
        "eig_nmse": 0.6417716145515442,
        "entropy_mse": 0.0025925005320459604,
        "event_rate": 0.0,
        "gap_rmse": 1.5251208543777466,
        "gate_cal": 0.5622396469116211,
        "gate_mean": 0.5622396469116211,
        "lat_align": 0.011462073773145676,
        "memory_scale": 0.5,
        "proj_mse": 0.10502027720212936,
        "rank_mse": 2.325653076171875,
        "rare_cov_mse": NaN,
        "rare_drift_mse": NaN,
        "rare_eig_nmse": NaN,
        "regime_acc": 1.0,
        "regime_bal_acc": 1.0,
        "risk_mse": 0.4144015312194824,
        "tail_f1": 0.0
      },
      {
        "cov_mse": 0.2472720891237259,
        "drift_mse": 0.03961026668548584,
        "eig_nmse": 0.6417976021766663,
        "entropy_mse": 0.002720856573432684,
        "event_rate": 0.0,
        "gap_rmse": 1.5251924991607666,
        "gate_cal": 0.5627044439315796,
        "gate_mean": 0.5627044439315796,
        "lat_align": 0.01140337809920311,
        "memory_scale": 0.0,
        "proj_mse": 0.10494626313447952,
        "rank_mse": 2.3253462314605713,
        "rare_cov_mse": NaN,
        "rare_drift_mse": NaN,
        "rare_eig_nmse": NaN,
        "regime_acc": 1.0,
        "regime_bal_acc": 1.0,
        "risk_mse": 0.4141640365123749,
        "tail_f1": 0.0
      }
    ],
    "noise": [
      {
        "cov_mse": 0.24737294018268585,
        "drift_mse": 0.03962353244423866,
        "eig_nmse": 0.6417583227157593,
        "entropy_mse": 0.002668190747499466,
        "event_rate": 0.0,
        "gap_rmse": 1.5250567197799683,
        "gate_cal": 0.5611366629600525,
        "gate_mean": 0.5611366629600525,
        "lat_align": 0.011478930711746216,
        "noise_std": 0.0,
        "proj_mse": 0.1049245074391365,
        "rank_mse": 2.3258731365203857,
        "rare_cov_mse": NaN,
        "rare_drift_mse": NaN,
        "rare_eig_nmse": NaN,
        "regime_acc": 1.0,
        "regime_bal_acc": 1.0,
        "risk_mse": 0.41449618339538574,
        "tail_f1": 0.0
      },
      {
        "cov_mse": 0.24731884896755219,
        "drift_mse": 0.03968567028641701,
        "eig_nmse": 0.6417778134346008,
        "entropy_mse": 0.00255264132283628,
        "event_rate": 0.0,
        "gap_rmse": 1.525143027305603,
        "gate_cal": 0.5629568696022034,
        "gate_mean": 0.5629568696022034,
        "lat_align": 0.011515390127897263,
        "noise_std": 0.03,
        "proj_mse": 0.10496322810649872,
        "rank_mse": 2.325714588165283,
        "rare_cov_mse": NaN,
        "rare_drift_mse": NaN,
        "rare_eig_nmse": NaN,
        "regime_acc": 1.0,
        "regime_bal_acc": 1.0,
        "risk_mse": 0.41481515765190125,
        "tail_f1": 0.0
      },
      {
        "cov_mse": 0.24701912701129913,
        "drift_mse": 0.03958619385957718,
        "eig_nmse": 0.6419017314910889,
        "entropy_mse": 0.0026471724268049,
        "event_rate": 0.0,
        "gap_rmse": 1.5253227949142456,
        "gate_cal": 0.5667845010757446,
        "gate_mean": 0.5667845010757446,