{
  "ablations": {
    "gate_off": {
      "cov_mse": 0.055273864418268204,
      "drift_mse": 0.024657538160681725,
      "eig_nmse": 0.7019047439098358,
      "entropy_mse": 0.016128324437886477,
      "event_rate": 0.375,
      "gap_rmse": 0.6019788086414337,
      "gate_cal": 0.375,
      "gate_mean": 0.0,
      "lat_align": 0.001871551910880953,
      "proj_mse": 0.1156000867486,
      "rank_mse": 1.8805599808692932,
      "rare_cov_mse": 0.0618806891143322,
      "rare_drift_mse": 0.04177546035498381,
      "rare_eig_nmse": 0.6801266372203827,
      "regime_acc": 0.0,
      "regime_bal_acc": 0.0,
      "risk_mse": 0.4955943077802658,
      "tail_f1": 0.0
    },
    "memory_half": {
      "cov_mse": 0.055314356461167336,
      "drift_mse": 0.024803957901895046,
      "eig_nmse": 0.7014898657798767,
      "entropy_mse": 0.016144646797329187,
      "event_rate": 0.375,
      "gap_rmse": 0.6017243266105652,
      "gate_cal": 0.4888957440853119,
      "gate_mean": 0.45560823380947113,
      "lat_align": 0.0018765343120321631,
      "proj_mse": 0.11566466093063354,
      "rank_mse": 1.87888103723526,
      "rare_cov_mse": 0.06188216060400009,
      "rare_drift_mse": 0.04198963474482298,
      "rare_eig_nmse": 0.6798597276210785,
      "regime_acc": 0.0,
      "regime_bal_acc": 0.0,
      "risk_mse": 0.49609002470970154,
      "tail_f1": 0.5333333333333333
    },
    "memory_off": {
      "cov_mse": 0.05529789440333843,
      "drift_mse": 0.024673172272741795,
      "eig_nmse": 0.701910525560379,
      "entropy_mse": 0.016119586769491434,
      "event_rate": 0.375,
      "gap_rmse": 0.6020011901855469,
      "gate_cal": 0.4879404455423355,
      "gate_mean": 0.45308756828308105,
      "lat_align": 0.0018878525588661432,
      "proj_mse": 0.11560995131731033,
      "rank_mse": 1.880751371383667,
      "rare_cov_mse": 0.06189600005745888,
      "rare_drift_mse": 0.04176199622452259,
      "rare_eig_nmse": 0.6802328526973724,
      "regime_acc": 0.0,
      "regime_bal_acc": 0.0,
      "risk_mse": 0.49551478028297424,
      "tail_f1": 0.5833333333333333
    }
  },
  "benchmark": {
    "persistence": {
      "cov_mse": 0.023607862492402393,
      "drift_mse": 0.532450000445048,
      "eig_nmse": 0.2298539529244105,
      "entropy_mse": 0.0744099219640096,
      "event_rate": 0.3333333333333333,
      "gap_rmse": 0.3616838256518046,
      "gate_cal": 0.4950338502724965,
      "gate_mean": 0.5000035266081492,
      "proj_mse": 0.07499835143486659,
      "rank_mse": 0.36639795700709027,
      "regime_acc": 1.0,
      "regime_bal_acc": 1.0,
      "risk_mse": 0.04084595789511999,
      "tail_f1": 0.48888888888888893
    },
    "trend": {
      "cov_mse": 0.057238154113292694,
      "drift_mse": 0.009576992442210516,
      "eig_nmse": 0.5532468557357788,
      "entropy_mse": 0.12621347606182098,
      "event_rate": 0.3333333333333333,
      "gap_rmse": 0.6679407954216003,
      "gate_cal": 0.4950338502724965,
      "gate_mean": 0.5000035266081492,
      "proj_mse": 0.07826248556375504,
      "rank_mse": 0.4938314159711202,
      "regime_acc": 1.0,
      "regime_bal_acc": 1.0,
      "risk_mse": 0.07976730540394783,
      "tail_f1": 0.48888888888888893
    }
  },
  "event_threshold": 0.39363721013069153,
  "history": [
    {
      "epoch": 1,
      "train_loss": 5.3499898433685305,
      "val_cov_mse": 0.04185200855135918,
      "val_drift_mse": 0.019442593213170767,
      "val_eig_nmse": 1.2742481231689453,
      "val_gate_cal": 0.47744685411453247,
      "val_proj_mse": 0.09104586765170097,
      "val_regime_acc": 0.0,
      "val_tail_f1": 0.3333333333333333
    },
    {
      "epoch": 2,
      "train_loss": 5.516190099716186,
      "val_cov_mse": 0.03974924422800541,
      "val_drift_mse": 0.01855559926480055,
      "val_eig_nmse": 1.2643593549728394,
      "val_gate_cal": 0.47638797760009766,
      "val_proj_mse": 0.0864853784441948,
      "val_regime_acc": 0.0,
      "val_tail_f1": 0.5
    }
  ],
  "memory": {
    "mean_salience": 0.7756942510604858,
    "size": 2.0
  },
  "robustness": {
    "memory": [
      {
        "cov_mse": 0.05549648590385914,
        "drift_mse": 0.025022448506206274,
        "eig_nmse": 0.7011129856109619,
        "entropy_mse": 0.016150156501680613,
        "event_rate": 0.375,
        "gap_rmse": 0.6016089618206024,
        "gate_cal": 0.48808348178863525,
        "gate_mean": 0.452136293053627,
        "lat_align": 0.0020581012358888984,
        "memory_scale": 1.0,
        "proj_mse": 0.11591068282723427,
        "rank_mse": 1.8774823546409607,
        "rare_cov_mse": 0.06197497993707657,
        "rare_drift_mse": 0.04235454276204109,
        "rare_eig_nmse": 0.679282546043396,
        "regime_acc": 0.0,
        "regime_bal_acc": 0.0,
        "risk_mse": 0.4964313805103302,
        "tail_f1": 0.5333333333333333
      },
      {
        "cov_mse": 0.05538376793265343,
        "drift_mse": 0.024915432557463646,
        "eig_nmse": 0.7012936770915985,
        "entropy_mse": 0.016140911262482405,
        "event_rate": 0.375,
        "gap_rmse": 0.6016728281974792,
        "gate_cal": 0.48911458253860474,
        "gate_mean": 0.45458973944187164,
        "lat_align": 0.00195329257985577,
        "memory_scale": 0.75,
        "proj_mse": 0.11575247719883919,
        "rank_mse": 1.87814199924469,
        "rare_cov_mse": 0.06193914636969566,
        "rare_drift_mse": 0.04219312686473131,
        "rare_eig_nmse": 0.6795464158058167,
        "regime_acc": 0.0,
        "regime_bal_acc": 0.0,
        "risk_mse": 0.4962681233882904,
        "tail_f1": 0.5333333333333333
      },
      {
        "cov_mse": 0.05541224777698517,
        "drift_mse": 0.024833046831190586,
        "eig_nmse": 0.701589822769165,
        "entropy_mse": 0.016140365973114967,
        "event_rate": 0.375,
        "gap_rmse": 0.6018053889274597,
        "gate_cal": 0.4891113340854645,
        "gate_mean": 0.4545518755912781,
        "lat_align": 0.0019120181677863002,
        "memory_scale": 0.5,
        "proj_mse": 0.1158125288784504,
        "rank_mse": 1.8788204193115234,
        "rare_cov_mse": 0.06195363402366638,
        "rare_drift_mse": 0.042033806443214417,
        "rare_eig_nmse": 0.6797683537006378,
        "regime_acc": 0.0,
        "regime_bal_acc": 0.0,
        "risk_mse": 0.49607929587364197,
        "tail_f1": 0.5333333333333333
      },
      {
        "cov_mse": 0.05527931638062,
        "drift_mse": 0.02466750517487526,
        "eig_nmse": 0.701996237039566,
        "entropy_mse": 0.016130076255649328,
        "event_rate": 0.375,
        "gap_rmse": 0.601993978023529,
        "gate_cal": 0.49020349979400635,
        "gate_mean": 0.4553137570619583,
        "lat_align": 0.0018711008597165346,
        "memory_scale": 0.0,
        "proj_mse": 0.11559124663472176,
        "rank_mse": 1.8804994821548462,
        "rare_cov_mse": 0.061866823583841324,
        "rare_drift_mse": 0.04177567921578884,
        "rare_eig_nmse": 0.6802265346050262,
        "regime_acc": 0.0,
        "regime_bal_acc": 0.0,
        "risk_mse": 0.4955696761608124,
        "tail_f1": 0.5333333333333333
      }
    ],
    "noise": [
      {
        "cov_mse": 0.05541728250682354,
        "drift_mse": 0.02498882170766592,
        "eig_nmse": 0.7010337710380554,
        "entropy_mse": 0.016147122718393803,
        "event_rate": 0.375,
        "gap_rmse": 0.6015422642230988,
        "gate_cal": 0.4880409687757492,
        "gate_mean": 0.454913005232811,
        "lat_align": 0.0020437072962522507,
        "noise_std": 0.0,
        "proj_mse": 0.11579853296279907,
        "rank_mse": 1.8774902820587158,
        "rare_cov_mse": 0.06195957399904728,
        "rare_drift_mse": 0.042297568172216415,
        "rare_eig_nmse": 0.6793308854103088,
        "regime_acc": 0.0,
        "regime_bal_acc": 0.0,
        "risk_mse": 0.4964522570371628,
        "tail_f1": 0.5333333333333333
      },
      {
        "cov_mse": 0.05541916936635971,
        "drift_mse": 0.02500972803682089,