{
  "ablations": {
    "gate_off": {
      "cov_mse": 0.07056322693824768,
      "drift_mse": 0.005275615956634283,
      "eig_nmse": 0.5291052460670471,
      "entropy_mse": 0.021717404946684837,
      "event_rate": 0.5,
      "gap_rmse": 0.6535764932632446,
      "gate_cal": 0.5,
      "gate_mean": 0.0,
      "lat_align": 0.012965786270797253,
      "proj_mse": 0.10558146238327026,
      "rank_mse": 2.972881555557251,
      "rare_cov_mse": 0.07613146305084229,
      "rare_drift_mse": 0.008565782569348812,
      "rare_eig_nmse": 0.5605037808418274,
      "regime_acc": 0.0,
      "regime_bal_acc": 0.0,
      "risk_mse": 0.26772183179855347,
      "tail_f1": 0.0
    },
    "memory_half": {
      "cov_mse": 0.06981578469276428,
      "drift_mse": 0.005434973631054163,
      "eig_nmse": 0.5278912782669067,
      "entropy_mse": 0.021645929664373398,
      "event_rate": 0.5,
      "gap_rmse": 0.6533889174461365,
      "gate_cal": 0.5,
      "gate_mean": 1.0,
      "lat_align": 0.013409704901278019,
      "proj_mse": 0.1055915355682373,
      "rank_mse": 2.9702236652374268,
      "rare_cov_mse": 0.07525426894426346,
      "rare_drift_mse": 0.00870138593018055,
      "rare_eig_nmse": 0.559402346611023,
      "regime_acc": 0.0,
      "regime_bal_acc": 0.0,
      "risk_mse": 0.270765483379364,
      "tail_f1": 0.6666666666666666
    },
    "memory_off": {
      "cov_mse": 0.07057515531778336,
      "drift_mse": 0.005301688797771931,
      "eig_nmse": 0.5292552709579468,
      "entropy_mse": 0.021714547649025917,
      "event_rate": 0.5,
      "gap_rmse": 0.6538920998573303,
      "gate_cal": 0.5,
      "gate_mean": 1.0,
      "lat_align": 0.01295499224215746,
      "proj_mse": 0.10556647181510925,
      "rank_mse": 2.9730417728424072,
      "rare_cov_mse": 0.0761738196015358,
      "rare_drift_mse": 0.008588189259171486,
      "rare_eig_nmse": 0.5601396560668945,
      "regime_acc": 0.0,
      "regime_bal_acc": 0.0,
      "risk_mse": 0.2677333354949951,
      "tail_f1": 0.6666666666666666
    }
  },
  "benchmark": {
    "persistence": {
      "cov_mse": 0.05491243302822113,
      "drift_mse": 0.650194525718689,
      "eig_nmse": 0.39904677867889404,
      "entropy_mse": 0.050429992377758026,
      "event_rate": 0.5,
      "gap_rmse": 0.4920158386230469,
      "gate_cal": 0.5071674585342407,
      "gate_mean": 0.4999995827674866,
      "proj_mse": 0.08156287670135498,
      "rank_mse": 0.26858264207839966,
      "regime_acc": 1.0,
      "regime_bal_acc": 1.0,
      "risk_mse": 0.015998611226677895,
      "tail_f1": 0.6666666666666666
    },
    "trend": {
      "cov_mse": 0.12232059985399246,
      "drift_mse": 0.01597771979868412,
      "eig_nmse": 0.5142939686775208,
      "entropy_mse": 0.021560639142990112,
      "event_rate": 0.5,
      "gap_rmse": 0.37647145986557007,
      "gate_cal": 0.5071674585342407,
      "gate_mean": 0.4999995827674866,
      "proj_mse": 0.0865795910358429,
      "rank_mse": 0.10786163806915283,
      "regime_acc": 1.0,
      "regime_bal_acc": 1.0,
      "risk_mse": 0.019107680767774582,
      "tail_f1": 0.6666666666666666
    }
  },
  "event_threshold": 0.3800433278083801,
  "history": [
    {
      "epoch": 1,
      "train_loss": 10.567188024520874,
      "val_cov_mse": 0.06505455076694489,
      "val_drift_mse": 0.010108930990099907,
      "val_eig_nmse": 0.5649189352989197,
      "val_gate_cal": 0.25,
      "val_proj_mse": 0.10985806584358215,
      "val_regime_acc": 0.5,
      "val_tail_f1": 0.8571428571428571
    }
  ],
  "memory": {
    "mean_salience": 0.5107734203338623,
    "size": 2.0
  },
  "robustness": {
    "memory": [
      {
        "cov_mse": 0.06975127011537552,
        "drift_mse": 0.00539037398993969,
        "eig_nmse": 0.5280998349189758,
        "entropy_mse": 0.021620456129312515,
        "event_rate": 0.5,
        "gap_rmse": 0.6532666683197021,
        "gate_cal": 0.5031391382217407,
        "gate_mean": 0.5854995250701904,
        "lat_align": 0.013655061833560467,
        "memory_scale": 1.0,
        "proj_mse": 0.10544390231370926,
        "rank_mse": 2.9705984592437744,
        "rare_cov_mse": 0.07515537738800049,
        "rare_drift_mse": 0.00860586017370224,
        "rare_eig_nmse": 0.5593128800392151,
        "regime_acc": 0.0,
        "regime_bal_acc": 0.0,
        "risk_mse": 0.2710998058319092,
        "tail_f1": 0.6666666666666666
      },
      {
        "cov_mse": 0.07000736147165298,
        "drift_mse": 0.00535972137004137,
        "eig_nmse": 0.5285862684249878,
        "entropy_mse": 0.021655742079019547,
        "event_rate": 0.5,
        "gap_rmse": 0.6536518335342407,
        "gate_cal": 0.5016274452209473,
        "gate_mean": 0.5784375071525574,
        "lat_align": 0.013190767727792263,
        "memory_scale": 0.75,
        "proj_mse": 0.10545117408037186,
        "rank_mse": 2.9701688289642334,
        "rare_cov_mse": 0.07544046640396118,
        "rare_drift_mse": 0.00863672886043787,
        "rare_eig_nmse": 0.5595911145210266,
        "regime_acc": 0.0,
        "regime_bal_acc": 0.0,
        "risk_mse": 0.2703694999217987,
        "tail_f1": 0.6666666666666666
      },
      {
        "cov_mse": 0.07022038847208023,
        "drift_mse": 0.005306335631757975,
        "eig_nmse": 0.5288331508636475,
        "entropy_mse": 0.02166808396577835,
        "event_rate": 0.5,
        "gap_rmse": 0.6538431644439697,
        "gate_cal": 0.5014193058013916,
        "gate_mean": 0.5778090357780457,
        "lat_align": 0.012978694401681423,
        "memory_scale": 0.5,
        "proj_mse": 0.10553190857172012,
        "rank_mse": 2.9708056449890137,
        "rare_cov_mse": 0.07570236921310425,
        "rare_drift_mse": 0.00856961589306593,
        "rare_eig_nmse": 0.5598186254501343,
        "regime_acc": 0.0,
        "regime_bal_acc": 0.0,
        "risk_mse": 0.2695371210575104,
        "tail_f1": 0.6666666666666666
      },
      {
        "cov_mse": 0.07059890776872635,
        "drift_mse": 0.005251591559499502,
        "eig_nmse": 0.529437780380249,
        "entropy_mse": 0.021695975214242935,
        "event_rate": 0.5,
        "gap_rmse": 0.6539061069488525,
        "gate_cal": 0.502375602722168,
        "gate_mean": 0.5796890258789062,
        "lat_align": 0.012998268939554691,
        "memory_scale": 0.0,
        "proj_mse": 0.10557246953248978,
        "rank_mse": 2.972579002380371,
        "rare_cov_mse": 0.07619764655828476,
        "rare_drift_mse": 0.008494609035551548,
        "rare_eig_nmse": 0.5608744025230408,
        "regime_acc": 0.0,
        "regime_bal_acc": 0.0,
        "risk_mse": 0.26775062084198,
        "tail_f1": 0.6666666666666666
      }
    ],
    "noise": [
      {
        "cov_mse": 0.06979051977396011,
        "drift_mse": 0.005346638150513172,
        "eig_nmse": 0.5283861756324768,
        "entropy_mse": 0.021670326590538025,
        "event_rate": 0.5,
        "gap_rmse": 0.6535904407501221,
        "gate_cal": 0.5032137632369995,
        "gate_mean": 0.5793756246566772,
        "lat_align": 0.013571911491453648,
        "noise_std": 0.0,
        "proj_mse": 0.1054498627781868,
        "rank_mse": 2.970503568649292,
        "rare_cov_mse": 0.07524518668651581,
        "rare_drift_mse": 0.008514320477843285,
        "rare_eig_nmse": 0.5596807599067688,
        "regime_acc": 0.0,
        "regime_bal_acc": 0.0,
        "risk_mse": 0.2711562216281891,
        "tail_f1": 0.6666666666666666
      },
      {
        "cov_mse": 0.06978592276573181,
        "drift_mse": 0.005360953044146299,
        "eig_nmse": 0.5278234481811523,
        "entropy_mse": 0.021646615117788315,
        "event_rate": 0.5,
        "gap_rmse": 0.6535726189613342,
        "gate_cal": 0.5014020800590515,
        "gate_mean": 0.5774774551391602,
        "lat_align": 0.013428146950900555,
        "noise_std": 0.03,
        "proj_mse": 0.10556526482105255,
        "rank_mse": 2.969000816345215,
        "rare_cov_mse": 0.07523541152477264,
        "rare_drift_mse": 0.00857529602944851,