{
  "ablations": {
    "gate_off": {
      "cov_mse": 0.05133066885173321,
      "drift_mse": 0.024796200450509787,
      "eig_nmse": 0.7059096395969391,
      "entropy_mse": 0.01668905559927225,
      "event_rate": 0.375,
      "gap_rmse": 0.605076938867569,
      "gate_cal": 0.375,
      "gate_mean": 0.0,
      "lat_align": 0.004629200557246804,
      "proj_mse": 0.11024743318557739,
      "rank_mse": 1.8869763016700745,
      "rare_cov_mse": 0.05891817435622215,
      "rare_drift_mse": 0.04197973944246769,
      "rare_eig_nmse": 0.6844156086444855,
      "regime_acc": 0.0,
      "regime_bal_acc": 0.0,
      "risk_mse": 0.5007564127445221,
      "tail_f1": 0.0
    },
    "memory_half": {
      "cov_mse": 0.051333148032426834,
      "drift_mse": 0.024956324137747288,
      "eig_nmse": 0.7056489586830139,
      "entropy_mse": 0.016718882601708174,
      "event_rate": 0.375,
      "gap_rmse": 0.6048926115036011,
      "gate_cal": 0.4870389997959137,
      "gate_mean": 0.4481421411037445,
      "lat_align": 0.0047231074422597885,
      "proj_mse": 0.1101812906563282,
      "rank_mse": 1.8855878710746765,
      "rare_cov_mse": 0.058899978175759315,
      "rare_drift_mse": 0.04225356224924326,
      "rare_eig_nmse": 0.684135228395462,
      "regime_acc": 0.0,
      "regime_bal_acc": 0.0,
      "risk_mse": 0.5015076696872711,
      "tail_f1": 0.0
    },
    "memory_off": {
      "cov_mse": 0.05133066885173321,
      "drift_mse": 0.024796200450509787,
      "eig_nmse": 0.7059096395969391,
      "entropy_mse": 0.01668905559927225,
      "event_rate": 0.375,
      "gap_rmse": 0.605076938867569,
      "gate_cal": 0.4870389997959137,
      "gate_mean": 0.4481421411037445,
      "lat_align": 0.004629200557246804,
      "proj_mse": 0.11024743318557739,
      "rank_mse": 1.8869763016700745,
      "rare_cov_mse": 0.05891817435622215,
      "rare_drift_mse": 0.04197973944246769,
      "rare_eig_nmse": 0.6844156086444855,
      "regime_acc": 0.0,
      "regime_bal_acc": 0.0,
      "risk_mse": 0.5007564127445221,
      "tail_f1": 0.0
    }
  },
  "benchmark": {
    "persistence": {
      "cov_mse": 0.023607862492402393,
      "drift_mse": 0.532450000445048,
      "eig_nmse": 0.2298539529244105,
      "entropy_mse": 0.0744099219640096,
      "event_rate": 0.3333333333333333,
      "gap_rmse": 0.3616838256518046,
      "gate_cal": 0.4950338502724965,
      "gate_mean": 0.5000035266081492,
      "proj_mse": 0.07499835143486659,
      "rank_mse": 0.36639795700709027,
      "regime_acc": 1.0,
      "regime_bal_acc": 1.0,
      "risk_mse": 0.04084595789511999,
      "tail_f1": 0.48888888888888893
    },
    "trend": {
      "cov_mse": 0.057238154113292694,
      "drift_mse": 0.009576992442210516,
      "eig_nmse": 0.5532468557357788,
      "entropy_mse": 0.12621347606182098,
      "event_rate": 0.3333333333333333,
      "gap_rmse": 0.6679407954216003,
      "gate_cal": 0.4950338502724965,
      "gate_mean": 0.5000035266081492,
      "proj_mse": 0.07826248556375504,
      "rank_mse": 0.4938314159711202,
      "regime_acc": 1.0,
      "regime_bal_acc": 1.0,
      "risk_mse": 0.07976730540394783,
      "tail_f1": 0.48888888888888893
    }
  },
  "event_threshold": 0.39363721013069153,
  "history": [
    {
      "epoch": 1,
      "train_loss": 12.468271064758301,
      "val_cov_mse": 0.03986886888742447,
      "val_drift_mse": 0.019515131134539843,
      "val_eig_nmse": 1.278386116027832,
      "val_gate_cal": 0.47456079721450806,
      "val_proj_mse": 0.087178535759449,
      "val_regime_acc": 0.0,
      "val_tail_f1": 0.3333333333333333
    },
    {
      "epoch": 2,
      "train_loss": 11.640079689025878,
      "val_cov_mse": 0.03705687262117863,
      "val_drift_mse": 0.018680324545130134,
      "val_eig_nmse": 1.2687711119651794,
      "val_gate_cal": 0.47009798884391785,
      "val_proj_mse": 0.08131346479058266,
      "val_regime_acc": 0.0,
      "val_tail_f1": 0.0
    }
  ],
  "memory": {
    "mean_salience": 0.7756942510604858,
    "size": 2.0
  },
  "robustness": {
    "memory": [
      {
        "cov_mse": 0.05134042538702488,
        "drift_mse": 0.025118514895439148,
        "eig_nmse": 0.7053889334201813,
        "entropy_mse": 0.016749046742916107,
        "event_rate": 0.375,
        "gap_rmse": 0.6047079563140869,
        "gate_cal": 0.4870389997959137,
        "gate_mean": 0.4481421411037445,
        "lat_align": 0.0049292107578366995,
        "memory_scale": 1.0,
        "proj_mse": 0.1101241186261177,
        "rank_mse": 1.8841837644577026,
        "rare_cov_mse": 0.058884041383862495,
        "rare_drift_mse": 0.04253023769706488,
        "rare_eig_nmse": 0.6838553845882416,
        "regime_acc": 0.0,
        "regime_bal_acc": 0.0,
        "risk_mse": 0.5022678524255753,
        "tail_f1": 0.0
      },
      {
        "cov_mse": 0.05133621767163277,
        "drift_mse": 0.02503715641796589,
        "eig_nmse": 0.705518901348114,
        "entropy_mse": 0.016733923461288214,
        "event_rate": 0.375,
        "gap_rmse": 0.6048003435134888,
        "gate_cal": 0.4870389997959137,
        "gate_mean": 0.4481421411037445,
        "lat_align": 0.004812134662643075,
        "memory_scale": 0.75,
        "proj_mse": 0.11015163734555244,
        "rank_mse": 1.8848877549171448,
        "rare_cov_mse": 0.05889173969626427,
        "rare_drift_mse": 0.042391530238091946,
        "rare_eig_nmse": 0.6839953362941742,
        "regime_acc": 0.0,
        "regime_bal_acc": 0.0,
        "risk_mse": 0.5018866956233978,
        "tail_f1": 0.0
      },
      {
        "cov_mse": 0.051333148032426834,
        "drift_mse": 0.024956324137747288,
        "eig_nmse": 0.7056489586830139,
        "entropy_mse": 0.016718882601708174,
        "event_rate": 0.375,
        "gap_rmse": 0.6048926115036011,
        "gate_cal": 0.4870389997959137,
        "gate_mean": 0.4481421411037445,
        "lat_align": 0.0047231074422597885,
        "memory_scale": 0.5,
        "proj_mse": 0.1101812906563282,
        "rank_mse": 1.8855878710746765,
        "rare_cov_mse": 0.058899978175759315,
        "rare_drift_mse": 0.04225356224924326,
        "rare_eig_nmse": 0.684135228395462,
        "regime_acc": 0.0,
        "regime_bal_acc": 0.0,
        "risk_mse": 0.5015076696872711,
        "tail_f1": 0.0
      },
      {
        "cov_mse": 0.05133066885173321,
        "drift_mse": 0.024796200450509787,
        "eig_nmse": 0.7059096395969391,
        "entropy_mse": 0.01668905559927225,
        "event_rate": 0.375,
        "gap_rmse": 0.605076938867569,
        "gate_cal": 0.4870389997959137,
        "gate_mean": 0.4481421411037445,
        "lat_align": 0.004629200557246804,
        "memory_scale": 0.0,
        "proj_mse": 0.11024743318557739,
        "rank_mse": 1.8869763016700745,
        "rare_cov_mse": 0.05891817435622215,
        "rare_drift_mse": 0.04197973944246769,
        "rare_eig_nmse": 0.6844156086444855,
        "regime_acc": 0.0,
        "regime_bal_acc": 0.0,
        "risk_mse": 0.5007564127445221,
        "tail_f1": 0.0
      }
    ],
    "noise": [
      {
        "cov_mse": 0.05134042538702488,
        "drift_mse": 0.025118514895439148,
        "eig_nmse": 0.7053889334201813,
        "entropy_mse": 0.016749046742916107,
        "event_rate": 0.375,
        "gap_rmse": 0.6047079563140869,
        "gate_cal": 0.4870389997959137,
        "gate_mean": 0.4481421411037445,
        "lat_align": 0.0049292107578366995,
        "noise_std": 0.0,
        "proj_mse": 0.1101241186261177,
        "rank_mse": 1.8841837644577026,
        "rare_cov_mse": 0.058884041383862495,
        "rare_drift_mse": 0.04253023769706488,
        "rare_eig_nmse": 0.6838553845882416,
        "regime_acc": 0.0,
        "regime_bal_acc": 0.0,
        "risk_mse": 0.5022678524255753,
        "tail_f1": 0.0
      },
      {
        "cov_mse": 0.05133514106273651,
        "drift_mse": 0.025117667857557535,
        "eig_nmse": 0.7053844332695007,
        "entropy_mse": 0.016749488189816475,
        "event_rate": 0.375,