{
  "ablations": {
    "gate_off": {
      "cov_mse": 0.06424036622047424,
      "drift_mse": 0.023343754932284355,
      "eig_nmse": 0.6063852906227112,
      "entropy_mse": 0.02103179320693016,
      "event_rate": 0.75,
      "gap_rmse": 0.9778260588645935,
      "gate_cal": 0.75,
      "gate_mean": 0.0,
      "lat_align": 0.006635310593992472,
      "proj_mse": 0.09790859371423721,
      "rank_mse": 1.0131105184555054,
      "rare_cov_mse": 0.061777662485837936,
      "rare_drift_mse": 0.030074892565608025,
      "rare_eig_nmse": 0.6301906704902649,
      "regime_acc": 0.0,
      "regime_bal_acc": 0.0,
      "risk_mse": 0.5553479194641113,
      "tail_f1": 0.0
    },
    "memory_half": {
      "cov_mse": 0.0641833245754242,
      "drift_mse": 0.023382719606161118,
      "eig_nmse": 0.6065365672111511,
      "entropy_mse": 0.020885732024908066,
      "event_rate": 0.75,
      "gap_rmse": 0.9781809449195862,
      "gate_cal": 0.5066490769386292,
      "gate_mean": 0.49174100160598755,
      "lat_align": 0.007070653606206179,
      "proj_mse": 0.09825887531042099,
      "rank_mse": 1.012172818183899,
      "rare_cov_mse": 0.06145479157567024,
      "rare_drift_mse": 0.03018963150680065,
      "rare_eig_nmse": 0.6306412816047668,
      "regime_acc": 0.0,
      "regime_bal_acc": 0.0,
      "risk_mse": 0.5562655329704285,
      "tail_f1": 0.8571428571428571
    },
    "memory_off": {
      "cov_mse": 0.06403728574514389,
      "drift_mse": 0.023267462849617004,
      "eig_nmse": 0.6066478490829468,
      "entropy_mse": 0.02104494720697403,
      "event_rate": 0.75,
      "gap_rmse": 0.9779394268989563,
      "gate_cal": 0.5054222345352173,
      "gate_mean": 0.4888346493244171,
      "lat_align": 0.0064582377672195435,
      "proj_mse": 0.0978236049413681,
      "rank_mse": 1.0133652687072754,
      "rare_cov_mse": 0.0614788793027401,
      "rare_drift_mse": 0.02997427247464657,
      "rare_eig_nmse": 0.6306624412536621,
      "regime_acc": 0.0,
      "regime_bal_acc": 0.0,
      "risk_mse": 0.5552699565887451,
      "tail_f1": 0.8571428571428571
    }
  },
  "benchmark": {
    "persistence": {
      "cov_mse": 0.07774820923805237,
      "drift_mse": 0.515931248664856,
      "eig_nmse": 0.22185246646404266,
      "entropy_mse": 0.16074015200138092,
      "event_rate": 0.75,
      "gap_rmse": 0.41346731781959534,
      "gate_cal": 0.4923505187034607,
      "gate_mean": 0.4999992251396179,
      "proj_mse": 0.07216070592403412,
      "rank_mse": 0.6683170199394226,
      "regime_acc": 1.0,
      "regime_bal_acc": 1.0,
      "risk_mse": 0.04370139539241791,
      "tail_f1": 0.8571428571428571
    },
    "trend": {
      "cov_mse": 0.06464865058660507,
      "drift_mse": 0.03946675360202789,
      "eig_nmse": 0.8902810215950012,
      "entropy_mse": 0.3135346472263336,
      "event_rate": 0.75,
      "gap_rmse": 0.917693555355072,
      "gate_cal": 0.4923505187034607,
      "gate_mean": 0.4999992251396179,
      "proj_mse": 0.08979304879903793,
      "rank_mse": 0.8946435451507568,
      "regime_acc": 0.25,
      "regime_bal_acc": 0.25,
      "risk_mse": 0.00013643827696796507,
      "tail_f1": 0.8571428571428571
    }
  },
  "event_threshold": 0.4195544719696045,
  "history": [
    {
      "epoch": 1,
      "train_loss": 13.625901937484741,
      "val_cov_mse": 0.03011590987443924,
      "val_drift_mse": 0.019477445632219315,
      "val_eig_nmse": 1.1725287437438965,
      "val_gate_cal": 0.4859217405319214,
      "val_proj_mse": 0.07075486332178116,
      "val_regime_acc": 0.0,
      "val_tail_f1": 0.0
    }
  ],
  "memory": {
    "mean_salience": 0.7860525250434875,
    "size": 2.0
  },
  "robustness": {
    "memory": [
      {
        "cov_mse": 0.06405919045209885,
        "drift_mse": 0.023483451455831528,
        "eig_nmse": 0.6068435311317444,
        "entropy_mse": 0.02076352946460247,
        "event_rate": 0.75,
        "gap_rmse": 0.9786348342895508,
        "gate_cal": 0.5107332468032837,
        "gate_mean": 0.488332062959671,
        "lat_align": 0.00757153844460845,
        "memory_scale": 1.0,
        "proj_mse": 0.09843271970748901,
        "rank_mse": 1.0116071701049805,
        "rare_cov_mse": 0.061332639306783676,
        "rare_drift_mse": 0.030350960791110992,
        "rare_eig_nmse": 0.6310677528381348,
        "regime_acc": 0.0,
        "regime_bal_acc": 0.0,
        "risk_mse": 0.5572285056114197,
        "tail_f1": 0.8571428571428571
      },
      {
        "cov_mse": 0.06364785879850388,
        "drift_mse": 0.02331913262605667,
        "eig_nmse": 0.6070352792739868,
        "entropy_mse": 0.020840588957071304,
        "event_rate": 0.75,
        "gap_rmse": 0.9783914089202881,
        "gate_cal": 0.5071870684623718,
        "gate_mean": 0.48749250173568726,
        "lat_align": 0.007040608674287796,
        "memory_scale": 0.75,
        "proj_mse": 0.09832622110843658,
        "rank_mse": 1.0117311477661133,
        "rare_cov_mse": 0.06106650084257126,
        "rare_drift_mse": 0.030075477436184883,
        "rare_eig_nmse": 0.6310412883758545,
        "regime_acc": 0.0,
        "regime_bal_acc": 0.0,
        "risk_mse": 0.556429922580719,
        "tail_f1": 0.8571428571428571
      },
      {
        "cov_mse": 0.06365770846605301,
        "drift_mse": 0.02324223704636097,
        "eig_nmse": 0.606991708278656,
        "entropy_mse": 0.02089778706431389,
        "event_rate": 0.75,
        "gap_rmse": 0.9782280921936035,
        "gate_cal": 0.5020423531532288,
        "gate_mean": 0.490505576133728,
        "lat_align": 0.006811542436480522,
        "memory_scale": 0.5,
        "proj_mse": 0.0981883853673935,
        "rank_mse": 1.0121583938598633,
        "rare_cov_mse": 0.06105152145028114,
        "rare_drift_mse": 0.02996337227523327,
        "rare_eig_nmse": 0.6310439705848694,
        "regime_acc": 0.0,
        "regime_bal_acc": 0.0,
        "risk_mse": 0.5559682250022888,
        "tail_f1": 0.8571428571428571
      },
      {
        "cov_mse": 0.06374303996562958,
        "drift_mse": 0.023146577179431915,
        "eig_nmse": 0.6069031357765198,
        "entropy_mse": 0.021054508164525032,
        "event_rate": 0.75,
        "gap_rmse": 0.9780774116516113,
        "gate_cal": 0.5057117938995361,
        "gate_mean": 0.48785582184791565,
        "lat_align": 0.006323128938674927,
        "memory_scale": 0.0,
        "proj_mse": 0.09792055934667587,
        "rank_mse": 1.0135667324066162,
        "rare_cov_mse": 0.06110828369855881,
        "rare_drift_mse": 0.029812512919306755,
        "rare_eig_nmse": 0.6309614777565002,
        "regime_acc": 0.0,
        "regime_bal_acc": 0.0,
        "risk_mse": 0.5550122261047363,
        "tail_f1": 0.8571428571428571
      }
    ],
    "noise": [
      {
        "cov_mse": 0.06362348049879074,
        "drift_mse": 0.023403191938996315,
        "eig_nmse": 0.6071370840072632,
        "entropy_mse": 0.020747164264321327,
        "event_rate": 0.75,
        "gap_rmse": 0.9788109660148621,
        "gate_cal": 0.5048213601112366,
        "gate_mean": 0.483828604221344,
        "lat_align": 0.007459094747900963,
        "noise_std": 0.0,
        "proj_mse": 0.09799934178590775,
        "rank_mse": 1.012000560760498,
        "rare_cov_mse": 0.06099686771631241,
        "rare_drift_mse": 0.030217593535780907,
        "rare_eig_nmse": 0.6311633586883545,
        "regime_acc": 0.0,
        "regime_bal_acc": 0.0,
        "risk_mse": 0.5572197437286377,
        "tail_f1": 0.8571428571428571
      },
      {
        "cov_mse": 0.06375451385974884,
        "drift_mse": 0.023505080491304398,
        "eig_nmse": 0.6070550084114075,
        "entropy_mse": 0.020769359543919563,
        "event_rate": 0.75,
        "gap_rmse": 0.978682816028595,
        "gate_cal": 0.5099409818649292,
        "gate_mean": 0.48666009306907654,
        "lat_align": 0.007487693335860968,
        "noise_std": 0.03,
        "proj_mse": 0.09832583367824554,
        "rank_mse": 1.0116829872131348,