{
  "ablations": {
    "gate_off": {
      "cov_mse": 0.0642189234495163,
      "drift_mse": 0.023336589336395264,
      "eig_nmse": 0.606410562992096,
      "entropy_mse": 0.02104000747203827,
      "event_rate": 0.75,
      "gap_rmse": 0.977821946144104,
      "gate_cal": 0.75,
      "gate_mean": 0.0,
      "lat_align": 0.0066093034110963345,
      "proj_mse": 0.09787610173225403,
      "rank_mse": 1.0133835077285767,
      "rare_cov_mse": 0.061761073768138885,
      "rare_drift_mse": 0.03006438910961151,
      "rare_eig_nmse": 0.6302171349525452,
      "regime_acc": 0.0,
      "regime_bal_acc": 0.0,
      "risk_mse": 0.5553473830223083,
      "tail_f1": 0.0
    },
    "memory_half": {
      "cov_mse": 0.06402377784252167,
      "drift_mse": 0.023486636579036713,
      "eig_nmse": 0.6067335605621338,
      "entropy_mse": 0.020761357620358467,
      "event_rate": 0.75,
      "gap_rmse": 0.9784700870513916,
      "gate_cal": 0.25,
      "gate_mean": 1.0,
      "lat_align": 0.007569126784801483,
      "proj_mse": 0.09855183959007263,
      "rank_mse": 1.011380910873413,
      "rare_cov_mse": 0.06132657080888748,
      "rare_drift_mse": 0.030348554253578186,
      "rare_eig_nmse": 0.630864679813385,
      "regime_acc": 0.0,
      "regime_bal_acc": 0.0,
      "risk_mse": 0.5571192502975464,
      "tail_f1": 0.8571428571428571
    },
    "memory_off": {
      "cov_mse": 0.06401906162500381,
      "drift_mse": 0.023260492831468582,
      "eig_nmse": 0.606666088104248,
      "entropy_mse": 0.021053556352853775,
      "event_rate": 0.75,
      "gap_rmse": 0.9779292941093445,
      "gate_cal": 0.25,
      "gate_mean": 1.0,
      "lat_align": 0.006436347495764494,
      "proj_mse": 0.09779848903417587,
      "rank_mse": 1.0136268138885498,
      "rare_cov_mse": 0.061467576771974564,
      "rare_drift_mse": 0.029963962733745575,
      "rare_eig_nmse": 0.6306751370429993,
      "regime_acc": 0.0,
      "regime_bal_acc": 0.0,
      "risk_mse": 0.5552729964256287,
      "tail_f1": 0.8571428571428571
    }
  },
  "benchmark": {
    "persistence": {
      "cov_mse": 0.07774820923805237,
      "drift_mse": 0.515931248664856,
      "eig_nmse": 0.22185246646404266,
      "entropy_mse": 0.16074015200138092,
      "event_rate": 0.75,
      "gap_rmse": 0.41346731781959534,
      "gate_cal": 0.4923505187034607,
      "gate_mean": 0.4999992251396179,
      "proj_mse": 0.07216070592403412,
      "rank_mse": 0.6683170199394226,
      "regime_acc": 1.0,
      "regime_bal_acc": 1.0,
      "risk_mse": 0.04370139539241791,
      "tail_f1": 0.8571428571428571
    },
    "trend": {
      "cov_mse": 0.06464865058660507,
      "drift_mse": 0.03946675360202789,
      "eig_nmse": 0.8902810215950012,
      "entropy_mse": 0.3135346472263336,
      "event_rate": 0.75,
      "gap_rmse": 0.917693555355072,
      "gate_cal": 0.4923505187034607,
      "gate_mean": 0.4999992251396179,
      "proj_mse": 0.08979304879903793,
      "rank_mse": 0.8946435451507568,
      "regime_acc": 0.25,
      "regime_bal_acc": 0.25,
      "risk_mse": 0.00013643827696796507,
      "tail_f1": 0.8571428571428571
    }
  },
  "event_threshold": 0.4195544719696045,
  "history": [
    {
      "epoch": 1,
      "train_loss": 13.905340433120728,
      "val_cov_mse": 0.03007214516401291,
      "val_drift_mse": 0.019742077216506004,
      "val_eig_nmse": 1.174360990524292,
      "val_gate_cal": 1.0,
      "val_proj_mse": 0.07076050341129303,
      "val_regime_acc": 0.0,
      "val_tail_f1": 0.0
    }
  ],
  "memory": {
    "mean_salience": 0.7860525250434875,
    "size": 2.0
  },
  "robustness": {
    "memory": [
      {
        "cov_mse": 0.06401148438453674,
        "drift_mse": 0.023468172177672386,
        "eig_nmse": 0.6068402528762817,
        "entropy_mse": 0.020779039710760117,
        "event_rate": 0.75,
        "gap_rmse": 0.9786036610603333,
        "gate_cal": 0.5114570260047913,
        "gate_mean": 0.4861353039741516,
        "lat_align": 0.007468082010746002,
        "memory_scale": 1.0,
        "proj_mse": 0.09836471080780029,
        "rank_mse": 1.0119352340698242,
        "rare_cov_mse": 0.06129654124379158,
        "rare_drift_mse": 0.030327335000038147,
        "rare_eig_nmse": 0.6310493350028992,
        "regime_acc": 0.0,
        "regime_bal_acc": 0.0,
        "risk_mse": 0.5571544170379639,
        "tail_f1": 0.8571428571428571
      },
      {
        "cov_mse": 0.06361200660467148,
        "drift_mse": 0.023308895528316498,
        "eig_nmse": 0.6070289015769958,
        "entropy_mse": 0.020854402333498,
        "event_rate": 0.75,
        "gap_rmse": 0.9783563017845154,
        "gate_cal": 0.507911205291748,
        "gate_mean": 0.4861634075641632,
        "lat_align": 0.006966596469283104,
        "memory_scale": 0.75,
        "proj_mse": 0.09827789664268494,
        "rank_mse": 1.0120234489440918,
        "rare_cov_mse": 0.06103925406932831,
        "rare_drift_mse": 0.030059657990932465,
        "rare_eig_nmse": 0.6310268044471741,
        "regime_acc": 0.0,
        "regime_bal_acc": 0.0,
        "risk_mse": 0.5563850998878479,
        "tail_f1": 0.8571428571428571
      },
      {
        "cov_mse": 0.06362908333539963,
        "drift_mse": 0.023234136402606964,
        "eig_nmse": 0.606991708278656,
        "entropy_mse": 0.02090987004339695,
        "event_rate": 0.75,
        "gap_rmse": 0.9781997203826904,
        "gate_cal": 0.5025624632835388,
        "gate_mean": 0.48915255069732666,
        "lat_align": 0.006755257491022348,
        "memory_scale": 0.5,
        "proj_mse": 0.09814690053462982,
        "rank_mse": 1.0124422311782837,
        "rare_cov_mse": 0.06103067845106125,
        "rare_drift_mse": 0.029950710013508797,
        "rare_eig_nmse": 0.6310370564460754,
        "regime_acc": 0.0,
        "regime_bal_acc": 0.0,
        "risk_mse": 0.5559408068656921,
        "tail_f1": 0.8571428571428571
      },
      {
        "cov_mse": 0.06373032927513123,
        "drift_mse": 0.023142695426940918,
        "eig_nmse": 0.6069110035896301,
        "entropy_mse": 0.021063221618533134,
        "event_rate": 0.75,
        "gap_rmse": 0.9780586957931519,
        "gate_cal": 0.5060645341873169,
        "gate_mean": 0.4868091344833374,
        "lat_align": 0.006307119037955999,
        "memory_scale": 0.0,
        "proj_mse": 0.0978979766368866,
        "rank_mse": 1.0138083696365356,
        "rare_cov_mse": 0.06110323965549469,
        "rare_drift_mse": 0.02980637364089489,
        "rare_eig_nmse": 0.6309617757797241,
        "regime_acc": 0.0,
        "regime_bal_acc": 0.0,
        "risk_mse": 0.5550219416618347,
        "tail_f1": 0.8571428571428571
      }
    ],
    "noise": [
      {
        "cov_mse": 0.06358494609594345,
        "drift_mse": 0.02339056320488453,
        "eig_nmse": 0.6071205735206604,
        "entropy_mse": 0.02076290175318718,
        "event_rate": 0.75,
        "gap_rmse": 0.9787695407867432,
        "gate_cal": 0.5059532523155212,
        "gate_mean": 0.4815468192100525,
        "lat_align": 0.007358844857662916,
        "noise_std": 0.0,
        "proj_mse": 0.09794488549232483,
        "rank_mse": 1.0123074054718018,
        "rare_cov_mse": 0.060966070741415024,
        "rare_drift_mse": 0.030197784304618835,
        "rare_eig_nmse": 0.6311389207839966,
        "regime_acc": 0.0,
        "regime_bal_acc": 0.0,
        "risk_mse": 0.5571472644805908,
        "tail_f1": 0.8571428571428571
      },
      {
        "cov_mse": 0.06371387094259262,
        "drift_mse": 0.023489680141210556,
        "eig_nmse": 0.6070438623428345,
        "entropy_mse": 0.020784936845302582,
        "event_rate": 0.75,
        "gap_rmse": 0.9786450862884521,
        "gate_cal": 0.5114127397537231,
        "gate_mean": 0.4847077429294586,
        "lat_align": 0.007388140540570021,
        "noise_std": 0.03,
        "proj_mse": 0.09826648235321045,
        "rank_mse": 1.0119932889938354,
        "rare_cov_mse": 0.061229463666677475,
        "rare_drift_mse": 0.03031300939619541,