{
  "eig_nmse": 0.5048941373825073,
  "proj_mse": 0.02613300085067749,
  "drift_mse": 0.14148832857608795,
  "gap_rmse": 1.208592176437378,
  "lat_align": 0.01901894435286522,
  "gate_cal": 0.4044700562953949,
  "gate_mean": 0.5955299139022827,
  "event_rate": 1.0,
  "regime_acc": 0.0
}