{
  "ablations": {
    "gate_off": {
      "cov_mse": 0.05481460317969322,
      "drift_mse": 0.026840670499950647,
      "eig_nmse": 0.7197650671005249,
      "entropy_mse": 0.0171282053925097,
      "event_rate": 0.375,
      "gap_rmse": 0.6125746369361877,
      "gate_cal": 0.375,
      "gate_mean": 0.0,
      "lat_align": 0.0016233029891736805,
      "proj_mse": 0.115244060754776,
      "rank_mse": 1.910960614681244,
      "rare_cov_mse": 0.06131516769528389,
      "rare_drift_mse": 0.04546247981488705,
      "rare_eig_nmse": 0.6985962390899658,
      "regime_acc": 0.0,
      "regime_bal_acc": 0.0,
      "risk_mse": 0.5145483613014221,
      "tail_f1": 0.0
    },
    "memory_half": {
      "cov_mse": 0.054838502779603004,
      "drift_mse": 0.02702743047848344,
      "eig_nmse": 0.7195836901664734,
      "entropy_mse": 0.01715407846495509,
      "event_rate": 0.375,
      "gap_rmse": 0.6124929487705231,
      "gate_cal": 0.48964284360408783,
      "gate_mean": 0.45831967890262604,
      "lat_align": 0.00159809913020581,
      "proj_mse": 0.11530197411775589,
      "rank_mse": 1.9096691608428955,
      "rare_cov_mse": 0.0612917710095644,
      "rare_drift_mse": 0.04573385417461395,
      "rare_eig_nmse": 0.6985710859298706,
      "regime_acc": 0.0,
      "regime_bal_acc": 0.0,
      "risk_mse": 0.5152803659439087,
      "tail_f1": 0.5333333333333333
    },
    "memory_off": {
      "cov_mse": 0.05483752116560936,
      "drift_mse": 0.026859378442168236,
      "eig_nmse": 0.7197403907775879,
      "entropy_mse": 0.017115615773946047,
      "event_rate": 0.375,
      "gap_rmse": 0.612582802772522,
      "gate_cal": 0.48840922117233276,
      "gate_mean": 0.4556964188814163,
      "lat_align": 0.0016399964806623757,
      "proj_mse": 0.11525841057300568,
      "rank_mse": 1.911139726638794,
      "rare_cov_mse": 0.061332376673817635,
      "rare_drift_mse": 0.04545448627322912,
      "rare_eig_nmse": 0.6987029612064362,
      "regime_acc": 0.0,
      "regime_bal_acc": 0.0,
      "risk_mse": 0.5144498944282532,
      "tail_f1": 0.5333333333333333
    }
  },
  "benchmark": {
    "persistence": {
      "cov_mse": 0.023607862492402393,
      "drift_mse": 0.532450000445048,
      "eig_nmse": 0.2298539529244105,
      "entropy_mse": 0.0744099219640096,
      "event_rate": 0.3333333333333333,
      "gap_rmse": 0.3616838256518046,
      "gate_cal": 0.4950338502724965,
      "gate_mean": 0.5000035266081492,
      "proj_mse": 0.07499835143486659,
      "rank_mse": 0.36639795700709027,
      "regime_acc": 1.0,
      "regime_bal_acc": 1.0,
      "risk_mse": 0.04084595789511999,
      "tail_f1": 0.48888888888888893
    },
    "trend": {
      "cov_mse": 0.057238154113292694,
      "drift_mse": 0.009576992442210516,
      "eig_nmse": 0.5532468557357788,
      "entropy_mse": 0.12621347606182098,
      "event_rate": 0.3333333333333333,
      "gap_rmse": 0.6679407954216003,
      "gate_cal": 0.4950338502724965,
      "gate_mean": 0.5000035266081492,
      "proj_mse": 0.07826248556375504,
      "rank_mse": 0.4938314159711202,
      "regime_acc": 1.0,
      "regime_bal_acc": 1.0,
      "risk_mse": 0.07976730540394783,
      "tail_f1": 0.48888888888888893
    }
  },
  "event_threshold": 0.39363721013069153,
  "history": [
    {
      "epoch": 1,
      "train_loss": 1.0702895879745484,
      "val_cov_mse": 0.04168683849275112,
      "val_drift_mse": 0.020987363532185555,
      "val_eig_nmse": 1.2873565554618835,
      "val_gate_cal": 0.4779670089483261,
      "val_proj_mse": 0.09084044024348259,
      "val_regime_acc": 0.0,
      "val_tail_f1": 0.3333333333333333
    },
    {
      "epoch": 2,
      "train_loss": 0.9504428744316101,
      "val_cov_mse": 0.0393861960619688,
      "val_drift_mse": 0.020723709370940924,
      "val_eig_nmse": 1.2802452445030212,
      "val_gate_cal": 0.4777155667543411,
      "val_proj_mse": 0.08608504012227058,
      "val_regime_acc": 0.0,
      "val_tail_f1": 0.3333333333333333
    }
  ],
  "memory": {
    "mean_salience": 0.7756942510604858,
    "size": 2.0
  },
  "robustness": {
    "memory": [
      {
        "cov_mse": 0.05500145070254803,
        "drift_mse": 0.027291701640933752,
        "eig_nmse": 0.719353437423706,
        "entropy_mse": 0.01716616516932845,
        "event_rate": 0.375,
        "gap_rmse": 0.612528532743454,
        "gate_cal": 0.4887903779745102,
        "gate_mean": 0.4550115615129471,
        "lat_align": 0.00174524646718055,
        "memory_scale": 1.0,
        "proj_mse": 0.11553342640399933,
        "rank_mse": 1.9086813926696777,
        "rare_cov_mse": 0.06136959418654442,
        "rare_drift_mse": 0.04616457223892212,
        "rare_eig_nmse": 0.6981991231441498,
        "regime_acc": 0.0,
        "regime_bal_acc": 0.0,
        "risk_mse": 0.5158396512269974,
        "tail_f1": 0.5333333333333333
      },
      {
        "cov_mse": 0.054897019639611244,
        "drift_mse": 0.027162427082657814,
        "eig_nmse": 0.7194631695747375,
        "entropy_mse": 0.01715602818876505,
        "event_rate": 0.375,
        "gap_rmse": 0.6125224530696869,
        "gate_cal": 0.4896397292613983,
        "gate_mean": 0.457109659910202,
        "lat_align": 0.0016527988482266665,
        "memory_scale": 0.75,
        "proj_mse": 0.11537902429699898,
        "rank_mse": 1.909162998199463,
        "rare_cov_mse": 0.06134091690182686,
        "rare_drift_mse": 0.045970174483954906,
        "rare_eig_nmse": 0.6983581483364105,
        "regime_acc": 0.0,
        "regime_bal_acc": 0.0,
        "risk_mse": 0.5155614912509918,
        "tail_f1": 0.5333333333333333
      },
      {
        "cov_mse": 0.0549330897629261,
        "drift_mse": 0.02706462051719427,
        "eig_nmse": 0.7196381688117981,
        "entropy_mse": 0.01714771380648017,
        "event_rate": 0.375,
        "gap_rmse": 0.6125632524490356,
        "gate_cal": 0.4896092265844345,
        "gate_mean": 0.4572967141866684,
        "lat_align": 0.001632871979381889,
        "memory_scale": 0.5,
        "proj_mse": 0.11544234305620193,
        "rank_mse": 1.9096326231956482,
        "rare_cov_mse": 0.06136853247880936,
        "rare_drift_mse": 0.04579112399369478,
        "rare_eig_nmse": 0.6984687447547913,
        "regime_acc": 0.0,
        "regime_bal_acc": 0.0,
        "risk_mse": 0.5152890980243683,
        "tail_f1": 0.5333333333333333
      },
      {
        "cov_mse": 0.05482178367674351,
        "drift_mse": 0.026853119488805532,
        "eig_nmse": 0.7198508679866791,
        "entropy_mse": 0.017130134627223015,
        "event_rate": 0.375,
        "gap_rmse": 0.6125865876674652,
        "gate_cal": 0.4907631278038025,
        "gate_mean": 0.45795100927352905,
        "lat_align": 0.001626490440685302,
        "memory_scale": 0.0,
        "proj_mse": 0.11524141579866409,
        "rank_mse": 1.9108986258506775,
        "rare_cov_mse": 0.06130353733897209,
        "rare_drift_mse": 0.045466214418411255,
        "rare_eig_nmse": 0.6987023651599884,
        "regime_acc": 0.0,
        "regime_bal_acc": 0.0,
        "risk_mse": 0.5145274698734283,
        "tail_f1": 0.5333333333333333
      }
    ],
    "noise": [
      {
        "cov_mse": 0.05491549149155617,
        "drift_mse": 0.027253149542957544,
        "eig_nmse": 0.7192904651165009,
        "entropy_mse": 0.01716313138604164,
        "event_rate": 0.375,
        "gap_rmse": 0.6124705672264099,
        "gate_cal": 0.48856431245803833,
        "gate_mean": 0.4573673754930496,
        "lat_align": 0.0017245642375200987,
        "noise_std": 0.0,
        "proj_mse": 0.11541567742824554,
        "rank_mse": 1.9087249040603638,
        "rare_cov_mse": 0.061349816620349884,
        "rare_drift_mse": 0.046099500730633736,
        "rare_eig_nmse": 0.6982475519180298,
        "regime_acc": 0.0,
        "regime_bal_acc": 0.0,
        "risk_mse": 0.5158360004425049,
        "tail_f1": 0.5333333333333333
      },
      {
        "cov_mse": 0.05492456257343292,
        "drift_mse": 0.027273994870483875,