{
  "ablations": {
    "gate_off": {
      "cov_mse": 0.06423503905534744,
      "drift_mse": 0.023342322558164597,
      "eig_nmse": 0.6063860654830933,
      "entropy_mse": 0.021030500531196594,
      "event_rate": 0.75,
      "gap_rmse": 0.9778230786323547,
      "gate_cal": 0.75,
      "gate_mean": 0.0,
      "lat_align": 0.006634913384914398,
      "proj_mse": 0.09790220856666565,
      "rank_mse": 1.0131075382232666,
      "rare_cov_mse": 0.061771493405103683,
      "rare_drift_mse": 0.030072664842009544,
      "rare_eig_nmse": 0.6301943063735962,
      "regime_acc": 0.0,
      "regime_bal_acc": 0.0,
      "risk_mse": 0.5553487539291382,
      "tail_f1": 0.0
    },
    "memory_half": {
      "cov_mse": 0.06417759507894516,
      "drift_mse": 0.023381255567073822,
      "eig_nmse": 0.6065374612808228,
      "entropy_mse": 0.02088446356356144,
      "event_rate": 0.75,
      "gap_rmse": 0.9781780242919922,
      "gate_cal": 0.5067412257194519,
      "gate_mean": 0.4915297031402588,
      "lat_align": 0.007070283871144056,
      "proj_mse": 0.09825169295072556,
      "rank_mse": 1.0121700763702393,
      "rare_cov_mse": 0.0614500492811203,
      "rare_drift_mse": 0.030187314376235008,
      "rare_eig_nmse": 0.6306421756744385,
      "regime_acc": 0.0,
      "regime_bal_acc": 0.0,
      "risk_mse": 0.5562663674354553,
      "tail_f1": 0.8571428571428571
    },
    "memory_off": {
      "cov_mse": 0.06403297930955887,
      "drift_mse": 0.023265710100531578,
      "eig_nmse": 0.6066465377807617,
      "entropy_mse": 0.021043771877884865,
      "event_rate": 0.75,
      "gap_rmse": 0.9779341816902161,
      "gate_cal": 0.505516529083252,
      "gate_mean": 0.488646924495697,
      "lat_align": 0.006459193304181099,
      "proj_mse": 0.09781899303197861,
      "rank_mse": 1.0133594274520874,
      "rare_cov_mse": 0.06147425249218941,
      "rare_drift_mse": 0.029971646144986153,
      "rare_eig_nmse": 0.6306625008583069,
      "regime_acc": 0.0,
      "regime_bal_acc": 0.0,
      "risk_mse": 0.555270254611969,
      "tail_f1": 0.8571428571428571
    }
  },
  "benchmark": {
    "persistence": {
      "cov_mse": 0.07774820923805237,
      "drift_mse": 0.515931248664856,
      "eig_nmse": 0.22185246646404266,
      "entropy_mse": 0.16074015200138092,
      "event_rate": 0.75,
      "gap_rmse": 0.41346731781959534,
      "gate_cal": 0.4923505187034607,
      "gate_mean": 0.4999992251396179,
      "proj_mse": 0.07216070592403412,
      "rank_mse": 0.6683170199394226,
      "regime_acc": 1.0,
      "regime_bal_acc": 1.0,
      "risk_mse": 0.04370139539241791,
      "tail_f1": 0.8571428571428571
    },
    "trend": {
      "cov_mse": 0.06464865058660507,
      "drift_mse": 0.03946675360202789,
      "eig_nmse": 0.8902810215950012,
      "entropy_mse": 0.3135346472263336,
      "event_rate": 0.75,
      "gap_rmse": 0.917693555355072,
      "gate_cal": 0.4923505187034607,
      "gate_mean": 0.4999992251396179,
      "proj_mse": 0.08979304879903793,
      "rank_mse": 0.8946435451507568,
      "regime_acc": 0.25,
      "regime_bal_acc": 0.25,
      "risk_mse": 0.00013643827696796507,
      "tail_f1": 0.8571428571428571
    }
  },
  "event_threshold": 0.4195544719696045,
  "history": [
    {
      "epoch": 1,
      "train_loss": 12.798706769943237,
      "val_cov_mse": 0.030114902183413506,
      "val_drift_mse": 0.019475340843200684,
      "val_eig_nmse": 1.172551155090332,
      "val_gate_cal": 0.4857165217399597,
      "val_proj_mse": 0.07075107097625732,
      "val_regime_acc": 0.0,
      "val_tail_f1": 0.0
    }
  ],
  "memory": {
    "mean_salience": 0.7860525250434875,
    "size": 2.0
  },
  "robustness": {
    "memory": [
      {
        "cov_mse": 0.0640532597899437,
        "drift_mse": 0.02348160184919834,
        "eig_nmse": 0.6068432331085205,
        "entropy_mse": 0.020762309432029724,
        "event_rate": 0.75,
        "gap_rmse": 0.9786306619644165,
        "gate_cal": 0.5108159184455872,
        "gate_mean": 0.48813021183013916,
        "lat_align": 0.007571662310510874,
        "memory_scale": 1.0,
        "proj_mse": 0.09842443466186523,
        "rank_mse": 1.0116026401519775,
        "rare_cov_mse": 0.06132769584655762,
        "rare_drift_mse": 0.0303481575101614,
        "rare_eig_nmse": 0.6310669779777527,
        "regime_acc": 0.0,
        "regime_bal_acc": 0.0,
        "risk_mse": 0.5572291612625122,
        "tail_f1": 0.8571428571428571
      },
      {
        "cov_mse": 0.06364521384239197,
        "drift_mse": 0.023317750543355942,
        "eig_nmse": 0.6070322394371033,
        "entropy_mse": 0.020839452743530273,
        "event_rate": 0.75,
        "gap_rmse": 0.9783847332000732,
        "gate_cal": 0.5072637796401978,
        "gate_mean": 0.48732560873031616,
        "lat_align": 0.007042801473289728,
        "memory_scale": 0.75,
        "proj_mse": 0.09832338243722916,
        "rank_mse": 1.0117228031158447,
        "rare_cov_mse": 0.061063531786203384,
        "rare_drift_mse": 0.030073270201683044,
        "rare_eig_nmse": 0.6310388445854187,
        "regime_acc": 0.0,
        "regime_bal_acc": 0.0,
        "risk_mse": 0.5564290881156921,
        "tail_f1": 0.8571428571428571
      },
      {
        "cov_mse": 0.0636550784111023,
        "drift_mse": 0.023240530863404274,
        "eig_nmse": 0.6069889664649963,
        "entropy_mse": 0.02089657634496689,
        "event_rate": 0.75,
        "gap_rmse": 0.9782217741012573,
        "gate_cal": 0.5021224021911621,
        "gate_mean": 0.49032828211784363,
        "lat_align": 0.00681312894448638,
        "memory_scale": 0.5,
        "proj_mse": 0.09818567335605621,
        "rank_mse": 1.012150526046753,
        "rare_cov_mse": 0.0610489584505558,
        "rare_drift_mse": 0.029960772022604942,
        "rare_eig_nmse": 0.63104248046875,
        "regime_acc": 0.0,
        "regime_bal_acc": 0.0,
        "risk_mse": 0.5559672117233276,
        "tail_f1": 0.8571428571428571
      },
      {
        "cov_mse": 0.06374034285545349,
        "drift_mse": 0.023145046085119247,
        "eig_nmse": 0.6068997383117676,
        "entropy_mse": 0.021053388714790344,
        "event_rate": 0.75,
        "gap_rmse": 0.9780702590942383,
        "gate_cal": 0.5057739019393921,
        "gate_mean": 0.4877074360847473,
        "lat_align": 0.0063247643411159515,
        "memory_scale": 0.0,
        "proj_mse": 0.09791851043701172,
        "rank_mse": 1.0135571956634521,
        "rare_cov_mse": 0.0611056350171566,
        "rare_drift_mse": 0.02981015108525753,
        "rare_eig_nmse": 0.6309589743614197,
        "regime_acc": 0.0,
        "regime_bal_acc": 0.0,
        "risk_mse": 0.555011510848999,
        "tail_f1": 0.8571428571428571
      }
    ],
    "noise": [
      {
        "cov_mse": 0.06361934542655945,
        "drift_mse": 0.02340158075094223,
        "eig_nmse": 0.6071333289146423,
        "entropy_mse": 0.02074579894542694,
        "event_rate": 0.75,
        "gap_rmse": 0.9788044095039368,
        "gate_cal": 0.5049259662628174,
        "gate_mean": 0.4836219549179077,
        "lat_align": 0.007460006047040224,
        "noise_std": 0.0,
        "proj_mse": 0.09799376130104065,
        "rank_mse": 1.0119929313659668,
        "rare_cov_mse": 0.06099278852343559,
        "rare_drift_mse": 0.03021509386599064,
        "rare_eig_nmse": 0.6311606764793396,
        "regime_acc": 0.0,
        "regime_bal_acc": 0.0,
        "risk_mse": 0.5572206974029541,
        "tail_f1": 0.8571428571428571
      },
      {
        "cov_mse": 0.06374990195035934,
        "drift_mse": 0.023503361269831657,
        "eig_nmse": 0.6070529222488403,
        "entropy_mse": 0.020768148824572563,
        "event_rate": 0.75,
        "gap_rmse": 0.978676974773407,
        "gate_cal": 0.5100584030151367,
        "gate_mean": 0.4864655137062073,
        "lat_align": 0.007488736882805824,
        "noise_std": 0.03,
        "proj_mse": 0.09831983596086502,
        "rank_mse": 1.0116758346557617,