{
  "ablations": {
    "gate_off": {
      "cov_mse": 0.24737045168876648,
      "drift_mse": 0.039698753505945206,
      "eig_nmse": 0.6417790055274963,
      "entropy_mse": 0.0025745851453393698,
      "event_rate": 0.0,
      "gap_rmse": 1.525050401687622,
      "gate_cal": 0.0,
      "gate_mean": 0.0,
      "lat_align": 0.011702890507876873,
      "proj_mse": 0.10485385358333588,
      "rank_mse": 2.326347589492798,
      "rare_cov_mse": NaN,
      "rare_drift_mse": NaN,
      "rare_eig_nmse": NaN,
      "regime_acc": 1.0,
      "regime_bal_acc": 1.0,
      "risk_mse": 0.4151409864425659,
      "tail_f1": 0.0
    },
    "memory_half": {
      "cov_mse": 0.24723871052265167,
      "drift_mse": 0.03981482982635498,
      "eig_nmse": 0.6417147517204285,
      "entropy_mse": 0.0026478401850908995,
      "event_rate": 0.0,
      "gap_rmse": 1.5253207683563232,
      "gate_cal": 0.5733272433280945,
      "gate_mean": 0.5733272433280945,
      "lat_align": 0.01091850083321333,
      "proj_mse": 0.10501444339752197,
      "rank_mse": 2.324551582336426,
      "rare_cov_mse": NaN,
      "rare_drift_mse": NaN,
      "rare_eig_nmse": NaN,
      "regime_acc": 1.0,
      "regime_bal_acc": 1.0,
      "risk_mse": 0.41418689489364624,
      "tail_f1": 0.0
    },
    "memory_off": {
      "cov_mse": 0.24748820066452026,
      "drift_mse": 0.03972075879573822,
      "eig_nmse": 0.6418097615242004,
      "entropy_mse": 0.0026350754778832197,
      "event_rate": 0.0,
      "gap_rmse": 1.5251744985580444,
      "gate_cal": 0.5684688091278076,
      "gate_mean": 0.5684688091278076,
      "lat_align": 0.01166483387351036,
      "proj_mse": 0.10487022995948792,
      "rank_mse": 2.3262171745300293,
      "rare_cov_mse": NaN,
      "rare_drift_mse": NaN,
      "rare_eig_nmse": NaN,
      "regime_acc": 1.0,
      "regime_bal_acc": 1.0,
      "risk_mse": 0.41489648818969727,
      "tail_f1": 0.0
    }
  },
  "benchmark": {
    "persistence": {
      "cov_mse": 5.766563892364502,
      "drift_mse": 0.6553667783737183,
      "eig_nmse": 12.38183307647705,
      "entropy_mse": 0.0275815948843956,
      "event_rate": 0.0,
      "gap_rmse": 7.486934661865234,
      "gate_cal": 0.4999971389770508,
      "gate_mean": 0.4999971389770508,
      "proj_mse": 0.08945279568433762,
      "rank_mse": 0.1044510006904602,
      "regime_acc": 1.0,
      "regime_bal_acc": 1.0,
      "risk_mse": 0.27155810594558716,
      "tail_f1": 0.0
    },
    "trend": {
      "cov_mse": 0.3909706473350525,
      "drift_mse": 0.030679062008857727,
      "eig_nmse": 0.7432565689086914,
      "entropy_mse": 0.28867191076278687,
      "event_rate": 0.0,
      "gap_rmse": 1.4860788583755493,
      "gate_cal": 0.4999971389770508,
      "gate_mean": 0.4999971389770508,
      "proj_mse": 0.08402350544929504,
      "rank_mse": 0.6607711911201477,
      "regime_acc": 0.0,
      "regime_bal_acc": 0.0,
      "risk_mse": 0.1055024117231369,
      "tail_f1": 0.0
    }
  },
  "event_threshold": 0.4763812720775604,
  "history": [
    {
      "epoch": 1,
      "train_loss": 406.21525382995605,
      "val_cov_mse": 0.12004217505455017,
      "val_drift_mse": 0.10418277978897095,
      "val_eig_nmse": 0.45743587613105774,
      "val_gate_cal": 0.5743588805198669,
      "val_proj_mse": 0.11575722694396973,
      "val_regime_acc": 1.0,
      "val_tail_f1": 0.0
    }
  ],
  "memory": {
    "mean_salience": 0.8413900136947632,
    "size": 1.0
  },
  "robustness": {
    "memory": [
      {
        "cov_mse": 0.24684306979179382,
        "drift_mse": 0.03982150927186012,
        "eig_nmse": 0.6415553689002991,
        "entropy_mse": 0.002635560231283307,
        "event_rate": 0.0,
        "gap_rmse": 1.5253816843032837,
        "gate_cal": 0.5720947980880737,
        "gate_mean": 0.5720947980880737,
        "lat_align": 0.010218351148068905,
        "memory_scale": 1.0,
        "proj_mse": 0.1051628515124321,
        "rank_mse": 2.3233256340026855,
        "rare_cov_mse": NaN,
        "rare_drift_mse": NaN,
        "rare_eig_nmse": NaN,
        "regime_acc": 1.0,
        "regime_bal_acc": 1.0,
        "risk_mse": 0.41220682859420776,
        "tail_f1": 0.0
      },
      {
        "cov_mse": 0.2472437471151352,
        "drift_mse": 0.039808258414268494,
        "eig_nmse": 0.6416395306587219,
        "entropy_mse": 0.002665742067620158,
        "event_rate": 0.0,
        "gap_rmse": 1.5253231525421143,
        "gate_cal": 0.571682333946228,
        "gate_mean": 0.571682333946228,
        "lat_align": 0.010525328107178211,
        "memory_scale": 0.75,
        "proj_mse": 0.10524798184633255,
        "rank_mse": 2.3241024017333984,
        "rare_cov_mse": NaN,
        "rare_drift_mse": NaN,
        "rare_eig_nmse": NaN,
        "regime_acc": 1.0,
        "regime_bal_acc": 1.0,
        "risk_mse": 0.4129027724266052,
        "tail_f1": 0.0
      },
      {
        "cov_mse": 0.24722440540790558,
        "drift_mse": 0.03972076624631882,
        "eig_nmse": 0.6416635513305664,
        "entropy_mse": 0.0026099502574652433,
        "event_rate": 0.0,
        "gap_rmse": 1.5252039432525635,
        "gate_cal": 0.5701776742935181,
        "gate_mean": 0.5701776742935181,
        "lat_align": 0.010820717550814152,
        "memory_scale": 0.5,
        "proj_mse": 0.1051165759563446,
        "rank_mse": 2.324779987335205,
        "rare_cov_mse": NaN,
        "rare_drift_mse": NaN,
        "rare_eig_nmse": NaN,
        "regime_acc": 1.0,
        "regime_bal_acc": 1.0,
        "risk_mse": 0.41334959864616394,
        "tail_f1": 0.0
      },
      {
        "cov_mse": 0.24734574556350708,
        "drift_mse": 0.03963351249694824,
        "eig_nmse": 0.6418228149414062,
        "entropy_mse": 0.0027132551185786724,
        "event_rate": 0.0,
        "gap_rmse": 1.5251902341842651,
        "gate_cal": 0.5706037282943726,
        "gate_mean": 0.5706037282943726,
        "lat_align": 0.01151973381638527,
        "memory_scale": 0.0,
        "proj_mse": 0.1048879399895668,
        "rank_mse": 2.3256707191467285,
        "rare_cov_mse": NaN,
        "rare_drift_mse": NaN,
        "rare_eig_nmse": NaN,
        "regime_acc": 1.0,
        "regime_bal_acc": 1.0,
        "risk_mse": 0.414294958114624,
        "tail_f1": 0.0
      }
    ],
    "noise": [
      {
        "cov_mse": 0.2470402717590332,
        "drift_mse": 0.03977932408452034,
        "eig_nmse": 0.6415137648582458,
        "entropy_mse": 0.0027077803388237953,
        "event_rate": 0.0,
        "gap_rmse": 1.5252145528793335,
        "gate_cal": 0.5691518783569336,
        "gate_mean": 0.5691518783569336,
        "lat_align": 0.010244340635836124,
        "noise_std": 0.0,
        "proj_mse": 0.10518945753574371,
        "rank_mse": 2.3238229751586914,
        "rare_cov_mse": NaN,
        "rare_drift_mse": NaN,
        "rare_eig_nmse": NaN,
        "regime_acc": 1.0,
        "regime_bal_acc": 1.0,
        "risk_mse": 0.41226691007614136,
        "tail_f1": 0.0
      },
      {
        "cov_mse": 0.24698220193386078,
        "drift_mse": 0.03984180837869644,
        "eig_nmse": 0.6415307521820068,
        "entropy_mse": 0.002594871213659644,
        "event_rate": 0.0,
        "gap_rmse": 1.5253031253814697,
        "gate_cal": 0.5705921649932861,
        "gate_mean": 0.5705921649932861,
        "lat_align": 0.010272747837007046,
        "noise_std": 0.03,
        "proj_mse": 0.10522499680519104,
        "rank_mse": 2.3236494064331055,
        "rare_cov_mse": NaN,
        "rare_drift_mse": NaN,
        "rare_eig_nmse": NaN,
        "regime_acc": 1.0,
        "regime_bal_acc": 1.0,
        "risk_mse": 0.41258060932159424,
        "tail_f1": 0.0
      },
      {
        "cov_mse": 0.24666336178779602,
        "drift_mse": 0.03974348306655884,
        "eig_nmse": 0.6416491866111755,
        "entropy_mse": 0.0026891496963799,
        "event_rate": 0.0,
        "gap_rmse": 1.5254849195480347,
        "gate_cal": 0.5743693113327026,
        "gate_mean": 0.5743693113327026,