{
  "ablations": {
    "gate_off": {
      "cov_mse": 0.24742963910102844,
      "drift_mse": 0.039726100862026215,
      "eig_nmse": 0.6418321132659912,
      "entropy_mse": 0.002571702003479004,
      "event_rate": 0.0,
      "gap_rmse": 1.5251092910766602,
      "gate_cal": 0.0,
      "gate_mean": 0.0,
      "lat_align": 0.011814452707767487,
      "proj_mse": 0.10483357310295105,
      "rank_mse": 2.326711654663086,
      "rare_cov_mse": NaN,
      "rare_drift_mse": NaN,
      "rare_eig_nmse": NaN,
      "regime_acc": 1.0,
      "regime_bal_acc": 1.0,
      "risk_mse": 0.415191650390625,
      "tail_f1": 0.0
    },
    "memory_half": {
      "cov_mse": 0.24715250730514526,
      "drift_mse": 0.03986993432044983,
      "eig_nmse": 0.6416438221931458,
      "entropy_mse": 0.0026604505255818367,
      "event_rate": 0.0,
      "gap_rmse": 1.5253868103027344,
      "gate_cal": 1.0,
      "gate_mean": 1.0,
      "lat_align": 0.010534219443798065,
      "proj_mse": 0.1050659567117691,
      "rank_mse": 2.324009895324707,
      "rare_cov_mse": NaN,
      "rare_drift_mse": NaN,
      "rare_eig_nmse": NaN,
      "regime_acc": 1.0,
      "regime_bal_acc": 1.0,
      "risk_mse": 0.41331180930137634,
      "tail_f1": 0.0
    },
    "memory_off": {
      "cov_mse": 0.2475356012582779,
      "drift_mse": 0.039747774600982666,
      "eig_nmse": 0.6418629288673401,
      "entropy_mse": 0.00263030081987381,
      "event_rate": 0.0,
      "gap_rmse": 1.5252362489700317,
      "gate_cal": 1.0,
      "gate_mean": 1.0,
      "lat_align": 0.01177546102553606,
      "proj_mse": 0.10484687983989716,
      "rank_mse": 2.3265793323516846,
      "rare_cov_mse": NaN,
      "rare_drift_mse": NaN,
      "rare_eig_nmse": NaN,
      "regime_acc": 1.0,
      "regime_bal_acc": 1.0,
      "risk_mse": 0.4149521291255951,
      "tail_f1": 0.0
    }
  },
  "benchmark": {
    "persistence": {
      "cov_mse": 5.766563892364502,
      "drift_mse": 0.6553667783737183,
      "eig_nmse": 12.38183307647705,
      "entropy_mse": 0.0275815948843956,
      "event_rate": 0.0,
      "gap_rmse": 7.486934661865234,
      "gate_cal": 0.4999971389770508,
      "gate_mean": 0.4999971389770508,
      "proj_mse": 0.08945279568433762,
      "rank_mse": 0.1044510006904602,
      "regime_acc": 1.0,
      "regime_bal_acc": 1.0,
      "risk_mse": 0.27155810594558716,
      "tail_f1": 0.0
    },
    "trend": {
      "cov_mse": 0.3909706473350525,
      "drift_mse": 0.030679062008857727,
      "eig_nmse": 0.7432565689086914,
      "entropy_mse": 0.28867191076278687,
      "event_rate": 0.0,
      "gap_rmse": 1.4860788583755493,
      "gate_cal": 0.4999971389770508,
      "gate_mean": 0.4999971389770508,
      "proj_mse": 0.08402350544929504,
      "rank_mse": 0.6607711911201477,
      "regime_acc": 0.0,
      "regime_bal_acc": 0.0,
      "risk_mse": 0.1055024117231369,
      "tail_f1": 0.0
    }
  },
  "event_threshold": 0.4763812720775604,
  "history": [
    {
      "epoch": 1,
      "train_loss": 407.1797695159912,
      "val_cov_mse": 0.12043097615242004,
      "val_drift_mse": 0.10433755815029144,
      "val_eig_nmse": 0.45723190903663635,
      "val_gate_cal": 1.0,
      "val_proj_mse": 0.11613298952579498,
      "val_regime_acc": 1.0,
      "val_tail_f1": 0.0
    }
  ],
  "memory": {
    "mean_salience": 0.8413900136947632,
    "size": 1.0
  },
  "robustness": {
    "memory": [
      {
        "cov_mse": 0.24692098796367645,
        "drift_mse": 0.039821602404117584,
        "eig_nmse": 0.6415897607803345,
        "entropy_mse": 0.002628001384437084,
        "event_rate": 0.0,
        "gap_rmse": 1.5253746509552002,
        "gate_cal": 0.562980055809021,
        "gate_mean": 0.562980055809021,
        "lat_align": 0.010309276171028614,
        "memory_scale": 1.0,
        "proj_mse": 0.10507712513208389,
        "rank_mse": 2.323713779449463,
        "rare_cov_mse": NaN,
        "rare_drift_mse": NaN,
        "rare_eig_nmse": NaN,
        "regime_acc": 1.0,
        "regime_bal_acc": 1.0,
        "risk_mse": 0.4122472107410431,
        "tail_f1": 0.0
      },
      {
        "cov_mse": 0.24730539321899414,
        "drift_mse": 0.03981509059667587,
        "eig_nmse": 0.6416806578636169,
        "entropy_mse": 0.002659085439518094,
        "event_rate": 0.0,
        "gap_rmse": 1.5253390073776245,
        "gate_cal": 0.5621339082717896,
        "gate_mean": 0.5621339082717896,
        "lat_align": 0.01062407810240984,
        "memory_scale": 0.75,
        "proj_mse": 0.1051773726940155,
        "rank_mse": 2.324481964111328,
        "rare_cov_mse": NaN,
        "rare_drift_mse": NaN,
        "rare_eig_nmse": NaN,
        "regime_acc": 1.0,
        "regime_bal_acc": 1.0,
        "risk_mse": 0.41294872760772705,
        "tail_f1": 0.0
      },
      {
        "cov_mse": 0.24729543924331665,
        "drift_mse": 0.03973449766635895,
        "eig_nmse": 0.6417059898376465,
        "entropy_mse": 0.002605216344818473,
        "event_rate": 0.0,
        "gap_rmse": 1.5252270698547363,
        "gate_cal": 0.5607059001922607,
        "gate_mean": 0.5607059001922607,
        "lat_align": 0.010927394963800907,
        "memory_scale": 0.5,
        "proj_mse": 0.10506200790405273,
        "rank_mse": 2.325162887573242,
        "rare_cov_mse": NaN,
        "rare_drift_mse": NaN,
        "rare_eig_nmse": NaN,
        "regime_acc": 1.0,
        "regime_bal_acc": 1.0,
        "risk_mse": 0.41339749097824097,
        "tail_f1": 0.0
      },
      {
        "cov_mse": 0.24740880727767944,
        "drift_mse": 0.03966015577316284,
        "eig_nmse": 0.6418715715408325,
        "entropy_mse": 0.0027089682407677174,
        "event_rate": 0.0,
        "gap_rmse": 1.52523934841156,
        "gate_cal": 0.5618074536323547,
        "gate_mean": 0.5618074536323547,
        "lat_align": 0.011629723012447357,
        "memory_scale": 0.0,
        "proj_mse": 0.10486062616109848,
        "rank_mse": 2.326047658920288,
        "rare_cov_mse": NaN,
        "rare_drift_mse": NaN,
        "rare_eig_nmse": NaN,
        "regime_acc": 1.0,
        "regime_bal_acc": 1.0,
        "risk_mse": 0.41435086727142334,
        "tail_f1": 0.0
      }
    ],
    "noise": [
      {
        "cov_mse": 0.2471158504486084,
        "drift_mse": 0.039780572056770325,
        "eig_nmse": 0.6415500044822693,
        "entropy_mse": 0.0026982403360307217,
        "event_rate": 0.0,
        "gap_rmse": 1.5252116918563843,
        "gate_cal": 0.5597541928291321,
        "gate_mean": 0.5597541928291321,
        "lat_align": 0.010340617038309574,
        "noise_std": 0.0,
        "proj_mse": 0.10510482639074326,
        "rank_mse": 2.3242111206054688,
        "rare_cov_mse": NaN,
        "rare_drift_mse": NaN,
        "rare_eig_nmse": NaN,
        "regime_acc": 1.0,
        "regime_bal_acc": 1.0,
        "risk_mse": 0.41231176257133484,
        "tail_f1": 0.0
      },
      {
        "cov_mse": 0.24706262350082397,
        "drift_mse": 0.039841994643211365,
        "eig_nmse": 0.6415665149688721,
        "entropy_mse": 0.002588883275166154,
        "event_rate": 0.0,
        "gap_rmse": 1.5252987146377563,
        "gate_cal": 0.560867190361023,
        "gate_mean": 0.560867190361023,
        "lat_align": 0.010366896167397499,
        "noise_std": 0.03,
        "proj_mse": 0.10514238476753235,
        "rank_mse": 2.324037551879883,
        "rare_cov_mse": NaN,
        "rare_drift_mse": NaN,
        "rare_eig_nmse": NaN,
        "regime_acc": 1.0,
        "regime_bal_acc": 1.0,
        "risk_mse": 0.4126201570034027,
        "tail_f1": 0.0
      },
      {
        "cov_mse": 0.24673213064670563,
        "drift_mse": 0.03974286839365959,
        "eig_nmse": 0.6416839957237244,
        "entropy_mse": 0.0026802399661391973,
        "event_rate": 0.0,
        "gap_rmse": 1.5254789590835571,
        "gate_cal": 0.5649996399879456,
        "gate_mean": 0.5649996399879456,
        "lat_align": 0.010300748981535435,
        "noise_std": 0.06,